time;value
13/03/2024 11:46;0
13/03/2024 11:47;0
13/03/2024 11:48;0
13/03/2024 11:49;0
13/03/2024 11:50;0
13/03/2024 11:51;0
13/03/2024 11:52;0
13/03/2024 11:53;0
13/03/2024 11:54;0
08/04/2024 14:40;2093999756
08/04/2024 14:41;19015
08/04/2024 14:42;1935
08/04/2024 14:43;19495
08/04/2024 14:44;20365
08/04/2024 14:45;2037999878
08/04/2024 14:46;2057999756
08/04/2024 14:47;21035
08/04/2024 14:48;2080
08/04/2024 14:49;20105
08/04/2024 14:50;2039
08/04/2024 14:51;2123499756
08/04/2024 14:52;2093999756
08/04/2024 14:53;18835
08/04/2024 14:54;1831999878
08/04/2024 14:55;17605
08/04/2024 14:56;17465
08/04/2024 14:57;19695
08/04/2024 14:58;1852999878
08/04/2024 14:59;1736499878
08/04/2024 15:00;1874499878
08/04/2024 15:01;1780999878
08/04/2024 15:02;18505
08/04/2024 15:03;17935
08/04/2024 15:04;1984
08/04/2024 15:05;1839
08/04/2024 15:06;1851499878
08/04/2024 15:07;1699999878
08/04/2024 15:08;12585
08/04/2024 15:09;1838499878
08/04/2024 15:10;2065
08/04/2024 15:11;1128
08/04/2024 15:12;13175
08/04/2024 15:13;1798999878
08/04/2024 15:14;1856499878
08/04/2024 15:15;18835
08/04/2024 15:16;18905
08/04/2024 15:17;1950499878
08/04/2024 15:18;2007
08/04/2024 15:19;1999499878
08/04/2024 15:20;1859
08/04/2024 15:21;1865999878
08/04/2024 15:22;1951999878
08/04/2024 15:23;1956999878
08/04/2024 15:24;18885
08/04/2024 15:25;1856499878
08/04/2024 15:26;1867999878
08/04/2024 15:27;1862999878
08/04/2024 15:28;19365
08/04/2024 15:29;1918
08/04/2024 15:30;1921
08/04/2024 15:31;19015
08/04/2024 15:32;19905
08/04/2024 15:33;2017
08/04/2024 15:34;1662
08/04/2024 15:35;19835
08/04/2024 15:36;2030
08/04/2024 15:37;1785
08/04/2024 15:38;1750
08/04/2024 15:39;1971
08/04/2024 15:40;1956499878
08/04/2024 15:41;1971
08/04/2024 15:42;20105
08/04/2024 15:43;17745
08/04/2024 15:44;1712
08/04/2024 15:45;1655
08/04/2024 15:46;1609
08/04/2024 15:47;17435
08/04/2024 15:48;1757999878
08/04/2024 15:49;1716499878
08/04/2024 15:50;1696
08/04/2024 15:51;1712
08/04/2024 15:52;1780
08/04/2024 15:53;1752999878
08/04/2024 15:54;16825
08/04/2024 15:55;1685
08/04/2024 15:56;1708
08/04/2024 15:57;1862999878
08/04/2024 15:58;17205
08/04/2024 15:59;1576999878
08/04/2024 16:00;14395
08/04/2024 16:01;1303499878
08/04/2024 16:02;1101
08/04/2024 16:03;1106
08/04/2024 16:04;988
08/04/2024 16:05;938999939
08/04/2024 16:06;852
08/04/2024 16:07;811
08/04/2024 16:08;853
08/04/2024 16:09;8235
08/04/2024 16:10;806
08/04/2024 16:11;7895
08/04/2024 16:12;788
08/04/2024 16:13;770999939
08/04/2024 16:14;7865
08/04/2024 16:15;794
08/04/2024 16:16;8085
08/04/2024 16:17;806
08/04/2024 16:18;8075
08/04/2024 16:19;792
08/04/2024 16:20;7815
08/04/2024 16:21;784
08/04/2024 16:22;783
08/04/2024 16:23;761999939
08/04/2024 16:24;766
08/04/2024 16:25;757
08/04/2024 16:26;737499939
08/04/2024 16:27;732499939
08/04/2024 16:28;760
08/04/2024 16:29;8045
08/04/2024 16:30;861
08/04/2024 16:31;938999939
08/04/2024 16:32;10435
08/04/2024 16:33;12585
08/04/2024 16:34;1490999878
08/04/2024 16:35;14575
08/04/2024 16:36;15295
08/04/2024 16:37;14475
08/04/2024 16:38;1476
08/04/2024 16:39;12995
08/04/2024 16:40;1174
08/04/2024 16:41;1078
08/04/2024 16:42;1194999878
08/04/2024 16:43;1469
08/04/2024 16:44;1518
08/04/2024 16:45;13755
08/04/2024 16:46;13125
08/04/2024 16:47;13445
08/04/2024 16:48;13885
08/04/2024 16:49;1555499878
08/04/2024 16:50;1637499878
08/04/2024 16:51;16055
08/04/2024 16:52;1635
08/04/2024 16:53;17455
08/04/2024 16:54;1736499878
08/04/2024 16:55;17335
08/04/2024 16:56;17145
08/04/2024 16:57;17095
08/04/2024 16:58;1680
08/04/2024 16:59;16615
08/04/2024 17:00;1642499878
08/04/2024 17:01;1617999878
08/04/2024 17:02;1596499878
08/04/2024 17:03;15825
08/04/2024 17:04;1566999878
08/04/2024 17:05;1550
08/04/2024 17:06;1528
08/04/2024 17:07;1518999878
08/04/2024 17:08;1505
08/04/2024 17:09;14835
08/04/2024 17:10;1476
08/04/2024 17:11;1431999878
08/04/2024 17:12;1453499878
08/04/2024 17:13;13715
08/04/2024 17:14;14575
08/04/2024 17:15;1449
08/04/2024 17:16;1426999878
08/04/2024 17:17;1410499878
08/04/2024 17:18;1351499878
08/04/2024 17:19;1232999878
08/04/2024 17:20;12985
08/04/2024 17:21;13115
08/04/2024 17:22;1338
08/04/2024 17:23;13105
08/04/2024 17:24;13625
08/04/2024 17:25;1359
08/04/2024 17:26;1327
08/04/2024 17:27;1310
08/04/2024 17:28;1296999878
08/04/2024 17:29;12885
08/04/2024 17:30;1264
08/04/2024 17:31;12565
08/04/2024 17:32;1249499878
08/04/2024 17:33;1244499878
08/04/2024 17:34;12225
08/04/2024 17:35;1204999878
08/04/2024 17:36;1237
08/04/2024 17:37;11535
08/04/2024 17:38;1104499878
08/04/2024 17:39;1143
08/04/2024 17:40;11305
08/04/2024 17:41;11175
08/04/2024 17:42;10975
08/04/2024 17:43;1091
08/04/2024 17:44;1078
08/04/2024 17:45;1064999878
08/04/2024 17:46;1053499878
08/04/2024 17:47;1032
08/04/2024 17:48;1018999939
08/04/2024 17:49;1002499939
08/04/2024 17:50;993
08/04/2024 17:51;973
08/04/2024 17:52;945499939
08/04/2024 17:53;912499939
08/04/2024 17:54;885
08/04/2024 17:55;853499939
08/04/2024 17:56;821
08/04/2024 17:57;7775
08/04/2024 17:58;750499939
08/04/2024 17:59;717
08/04/2024 18:00;678999939
08/04/2024 18:01;6405
08/04/2024 18:02;6105
08/04/2024 18:03;584
08/04/2024 18:04;557
08/04/2024 18:05;530999939
08/04/2024 18:06;504
08/04/2024 18:07;471
08/04/2024 18:08;4515
08/04/2024 18:09;4439999695
08/04/2024 18:10;4285
08/04/2024 18:11;4089999695
08/04/2024 18:12;394
08/04/2024 18:13;3859999695
08/04/2024 18:14;3885
08/04/2024 18:15;380
08/04/2024 18:16;371
08/04/2024 18:17;3655
08/04/2024 18:18;353
08/04/2024 18:19;3489999695
08/04/2024 18:20;3515
08/04/2024 18:21;348
08/04/2024 18:22;3435
08/04/2024 18:23;340
08/04/2024 18:24;336
08/04/2024 18:25;3335
08/04/2024 18:26;3299999695
08/04/2024 18:27;327
08/04/2024 18:28;3229999695
08/04/2024 18:29;3195
08/04/2024 18:30;1744999847
08/04/2024 18:31;3065
08/04/2024 18:32;3024999695
08/04/2024 18:33;3044999695
08/04/2024 18:34;3024999695
08/04/2024 18:35;299
08/04/2024 18:36;2965
08/04/2024 18:37;2935
08/04/2024 18:38;2909999695
08/04/2024 18:39;2875
08/04/2024 18:40;2845
08/04/2024 18:41;282
08/04/2024 18:42;2795
08/04/2024 18:43;2755
08/04/2024 18:44;273
08/04/2024 18:45;2695
08/04/2024 18:46;267
08/04/2024 18:47;2645
08/04/2024 18:48;2615
08/04/2024 18:49;257
08/04/2024 18:50;2540000153
08/04/2024 18:51;2525
08/04/2024 18:52;2505
08/04/2024 18:53;2459999847
08/04/2024 18:54;2414999847
08/04/2024 18:55;2369999847
08/04/2024 18:56;2334999847
08/04/2024 18:57;2309999847
08/04/2024 18:58;2245
08/04/2024 18:59;2245
08/04/2024 19:00;2205
08/04/2024 19:01;218
08/04/2024 19:02;213
08/04/2024 19:03;2105
08/04/2024 19:04;2065
08/04/2024 19:05;2025
08/04/2024 19:06;1974999847
08/04/2024 19:07;1875
08/04/2024 19:08;1744999847
08/04/2024 19:09;162
08/04/2024 19:10;1525
08/04/2024 19:11;1425
08/04/2024 19:12;1345
08/04/2024 19:13;126
08/04/2024 19:14;1195
08/04/2024 19:15;113
08/04/2024 19:16;1079999924
08/04/2024 19:17;1025
08/04/2024 19:18;975
08/04/2024 19:19;92
08/04/2024 19:20;85
08/04/2024 19:21;795
08/04/2024 19:22;7449999237
08/04/2024 19:23;7149999237
08/04/2024 19:24;69
08/04/2024 19:25;655
08/04/2024 19:26;605
08/04/2024 19:27;5749999619
08/04/2024 19:28;5749999619
08/04/2024 19:29;59
08/04/2024 19:30;60
08/04/2024 19:31;605
08/04/2024 19:32;5549999619
08/04/2024 19:33;515
08/04/2024 19:34;645
08/04/2024 19:35;7149999237
08/04/2024 19:36;7449999237
08/04/2024 19:37;7449999237
08/04/2024 19:38;73
08/04/2024 19:39;705
08/04/2024 19:40;67
08/04/2024 19:41;55
08/04/2024 19:42;67
08/04/2024 19:43;645
08/04/2024 19:44;705
08/04/2024 19:45;60
08/04/2024 19:46;5399999619
08/04/2024 19:47;59
08/04/2024 19:48;625
08/04/2024 19:49;67
08/04/2024 19:50;78
08/04/2024 19:51;60
08/04/2024 19:52;7149999237
08/04/2024 19:53;68
08/04/2024 19:54;44
08/04/2024 19:55;44
08/04/2024 19:56;60
08/04/2024 19:57;44
08/04/2024 19:58;6399999619
08/04/2024 19:59;625
08/04/2024 20:00;435
08/04/2024 20:01;625
08/04/2024 20:02;435
08/04/2024 20:03;42
08/04/2024 20:04;6149999619
08/04/2024 20:05;435
08/04/2024 20:06;435
08/04/2024 20:07;42
08/04/2024 20:08;42
08/04/2024 20:09;42
08/04/2024 20:10;4099999619
08/04/2024 20:11;40
08/04/2024 20:12;40
08/04/2024 20:13;46
08/04/2024 20:14;42
08/04/2024 20:15;395
08/04/2024 20:16;3749999619
08/04/2024 20:17;36
08/04/2024 20:18;345
08/04/2024 20:19;33
08/04/2024 20:20;3199999809
08/04/2024 20:21;295
08/04/2024 20:22;2799999809
08/04/2024 20:23;2599999809
08/04/2024 20:24;23
08/04/2024 20:25;2149999809
08/04/2024 20:26;18
08/04/2024 20:27;155
08/04/2024 20:28;1299999905
08/04/2024 20:29;105
08/04/2024 20:30;7999999523
08/04/2024 20:31;6499999523
08/04/2024 20:32;5
08/04/2024 20:33;25
08/04/2024 20:34;99999994
08/04/2024 20:35;0
08/04/2024 20:36;0
08/04/2024 20:37;0
08/04/2024 20:38;0
08/04/2024 20:39;0
08/04/2024 20:40;0
08/04/2024 20:41;0
08/04/2024 20:42;0
08/04/2024 20:43;0
08/04/2024 20:44;0
08/04/2024 20:45;0
08/04/2024 20:46;0
08/04/2024 20:47;0
08/04/2024 20:48;0
08/04/2024 20:49;0
08/04/2024 20:50;0
08/04/2024 20:51;0
08/04/2024 20:52;0
08/04/2024 20:53;0
08/04/2024 20:54;0
08/04/2024 20:55;0
08/04/2024 20:56;0
08/04/2024 20:57;0
08/04/2024 20:58;0
08/04/2024 20:59;0
08/04/2024 21:00;0
08/04/2024 21:01;0
08/04/2024 21:02;0
08/04/2024 21:03;0
08/04/2024 21:04;0
08/04/2024 21:05;0
08/04/2024 21:06;0
08/04/2024 21:07;0
08/04/2024 21:08;0
08/04/2024 21:09;0
08/04/2024 21:10;0
08/04/2024 21:11;0
08/04/2024 21:12;0
08/04/2024 21:13;0
08/04/2024 21:14;0
08/04/2024 21:15;0
08/04/2024 21:16;0
08/04/2024 21:17;0
08/04/2024 21:18;0
08/04/2024 21:19;0
08/04/2024 21:20;0
08/04/2024 21:21;0
08/04/2024 21:22;0
08/04/2024 21:23;0
08/04/2024 21:24;0
08/04/2024 21:25;0
08/04/2024 21:26;0
08/04/2024 21:27;0
08/04/2024 21:28;0
08/04/2024 21:29;0
08/04/2024 21:30;0
08/04/2024 21:31;0
08/04/2024 21:32;0
08/04/2024 21:33;0
08/04/2024 21:34;0
08/04/2024 21:35;0
08/04/2024 21:36;0
08/04/2024 21:37;0
08/04/2024 21:38;0
08/04/2024 21:39;0
08/04/2024 21:40;0
08/04/2024 21:41;0
08/04/2024 21:42;0
08/04/2024 21:43;0
08/04/2024 21:44;0
08/04/2024 21:45;0
08/04/2024 21:46;0
08/04/2024 21:47;0
08/04/2024 21:48;0
08/04/2024 21:49;0
08/04/2024 21:50;0
08/04/2024 21:51;0
08/04/2024 21:52;0
08/04/2024 21:53;0
08/04/2024 21:54;0
08/04/2024 21:55;0
08/04/2024 21:56;0
08/04/2024 21:57;0
08/04/2024 21:58;0
08/04/2024 21:59;0
08/04/2024 22:00;0
08/04/2024 22:01;0
08/04/2024 22:02;0
08/04/2024 22:03;0
08/04/2024 22:04;0
08/04/2024 22:05;0
08/04/2024 22:06;0
08/04/2024 22:07;0
08/04/2024 22:08;0
08/04/2024 22:09;0
08/04/2024 22:10;0
08/04/2024 22:11;0
08/04/2024 22:12;0
08/04/2024 22:13;0
08/04/2024 22:14;0
08/04/2024 22:15;0
08/04/2024 22:16;0
08/04/2024 22:17;0
08/04/2024 22:18;0
08/04/2024 22:19;0
08/04/2024 22:20;0
08/04/2024 22:21;0
08/04/2024 22:22;0
08/04/2024 22:23;0
08/04/2024 22:24;0
08/04/2024 22:25;0
08/04/2024 22:26;0
08/04/2024 22:27;0
08/04/2024 22:28;0
08/04/2024 22:29;0
08/04/2024 22:30;0
08/04/2024 22:31;0
08/04/2024 22:32;0
08/04/2024 22:33;0
08/04/2024 22:34;0
08/04/2024 22:35;0
08/04/2024 22:36;0
08/04/2024 22:37;0
08/04/2024 22:38;0
08/04/2024 22:39;0
08/04/2024 22:40;0
08/04/2024 22:41;0
08/04/2024 22:42;0
08/04/2024 22:43;0
08/04/2024 22:44;0
08/04/2024 22:45;0
08/04/2024 22:46;0
08/04/2024 22:47;0
08/04/2024 22:48;0
08/04/2024 22:49;0
08/04/2024 22:50;0
08/04/2024 22:51;0
08/04/2024 22:52;0
08/04/2024 22:53;0
08/04/2024 22:54;0
08/04/2024 22:55;0
08/04/2024 22:56;0
08/04/2024 22:57;0
08/04/2024 22:58;0
08/04/2024 22:59;0
08/04/2024 23:00;0
08/04/2024 23:01;0
08/04/2024 23:02;0
08/04/2024 23:03;0
08/04/2024 23:04;0
08/04/2024 23:05;0
08/04/2024 23:06;0
08/04/2024 23:07;0
08/04/2024 23:08;0
08/04/2024 23:09;0
08/04/2024 23:10;0
08/04/2024 23:11;0
08/04/2024 23:12;0
08/04/2024 23:13;0
08/04/2024 23:14;0
08/04/2024 23:15;0
08/04/2024 23:16;0
08/04/2024 23:17;0
08/04/2024 23:18;0
08/04/2024 23:19;0
08/04/2024 23:20;0
08/04/2024 23:21;0
08/04/2024 23:22;0
08/04/2024 23:23;0
08/04/2024 23:24;0
08/04/2024 23:25;0
08/04/2024 23:26;0
08/04/2024 23:27;0
08/04/2024 23:28;0
08/04/2024 23:29;0
08/04/2024 23:30;0
08/04/2024 23:31;0
08/04/2024 23:32;0
08/04/2024 23:33;0
08/04/2024 23:34;0
08/04/2024 23:35;0
08/04/2024 23:36;0
08/04/2024 23:37;0
08/04/2024 23:38;0
08/04/2024 23:39;0
08/04/2024 23:40;0
08/04/2024 23:41;0
08/04/2024 23:42;0
08/04/2024 23:43;0
08/04/2024 23:44;0
08/04/2024 23:45;0
08/04/2024 23:46;0
08/04/2024 23:47;0
08/04/2024 23:48;0
08/04/2024 23:49;0
08/04/2024 23:50;0
08/04/2024 23:51;0
08/04/2024 23:52;0
08/04/2024 23:53;0
08/04/2024 23:54;0
08/04/2024 23:55;0
08/04/2024 23:56;0
08/04/2024 23:57;0
08/04/2024 23:58;0
08/04/2024 23:59;0
09/04/2024 00:00;0
09/04/2024 00:01;0
09/04/2024 00:02;0
09/04/2024 00:03;0
09/04/2024 00:04;0
09/04/2024 00:05;0
09/04/2024 00:06;0
09/04/2024 00:07;0
09/04/2024 00:08;0
09/04/2024 00:09;0
09/04/2024 00:10;0
09/04/2024 00:11;0
09/04/2024 00:12;0
09/04/2024 00:13;0
09/04/2024 00:14;0
09/04/2024 00:15;0
09/04/2024 00:16;0
09/04/2024 00:17;0
09/04/2024 00:18;0
09/04/2024 00:19;0
09/04/2024 00:20;0
09/04/2024 00:21;0
09/04/2024 00:22;0
09/04/2024 00:23;0
09/04/2024 00:24;0
09/04/2024 00:25;0
09/04/2024 00:26;0
09/04/2024 00:27;0
09/04/2024 00:28;0
09/04/2024 00:29;0
09/04/2024 00:30;0
09/04/2024 00:31;0
09/04/2024 00:32;0
09/04/2024 00:33;0
09/04/2024 00:34;0
09/04/2024 00:35;0
09/04/2024 00:36;0
09/04/2024 00:37;0
09/04/2024 00:38;0
09/04/2024 00:39;0
09/04/2024 00:40;0
09/04/2024 00:41;0
09/04/2024 00:42;0
09/04/2024 00:43;0
09/04/2024 00:44;0
09/04/2024 00:45;0
09/04/2024 00:46;0
09/04/2024 00:47;0
09/04/2024 00:48;0
09/04/2024 00:49;0
09/04/2024 00:50;0
09/04/2024 00:51;0
09/04/2024 00:52;0
09/04/2024 00:53;0
09/04/2024 00:54;0
09/04/2024 00:55;0
09/04/2024 00:56;0
09/04/2024 00:57;0
09/04/2024 00:58;0
09/04/2024 00:59;0
09/04/2024 01:00;0
09/04/2024 01:01;0
09/04/2024 01:02;0
09/04/2024 01:03;0
09/04/2024 01:04;0
09/04/2024 01:05;0
09/04/2024 01:06;0
09/04/2024 01:07;0
09/04/2024 01:08;0
09/04/2024 01:09;0
09/04/2024 01:10;0
09/04/2024 01:11;0
09/04/2024 01:12;0
09/04/2024 01:13;0
09/04/2024 01:14;0
09/04/2024 01:15;0
09/04/2024 01:16;0
09/04/2024 01:17;0
09/04/2024 01:18;0
09/04/2024 01:19;0
09/04/2024 01:20;0
09/04/2024 01:21;0
09/04/2024 01:22;0
09/04/2024 01:23;0
09/04/2024 01:24;0
09/04/2024 01:25;0
09/04/2024 01:26;0
09/04/2024 01:27;0
09/04/2024 01:28;0
09/04/2024 01:29;0
09/04/2024 01:30;0
09/04/2024 01:31;0
09/04/2024 01:32;0
09/04/2024 01:33;0
09/04/2024 01:34;0
09/04/2024 01:35;0
09/04/2024 01:36;0
09/04/2024 01:37;0
09/04/2024 01:38;0
09/04/2024 01:39;0
09/04/2024 01:40;0
09/04/2024 01:41;0
09/04/2024 01:42;0
09/04/2024 01:43;0
09/04/2024 01:44;0
09/04/2024 01:45;0
09/04/2024 01:46;0
09/04/2024 01:47;0
09/04/2024 01:48;0
09/04/2024 01:49;0
09/04/2024 01:50;0
09/04/2024 01:51;0
09/04/2024 01:52;0
09/04/2024 01:53;0
09/04/2024 01:54;0
09/04/2024 01:55;0
09/04/2024 01:56;0
09/04/2024 01:57;0
09/04/2024 01:58;0
09/04/2024 01:59;0
09/04/2024 02:00;0
09/04/2024 02:01;0
09/04/2024 02:02;0
09/04/2024 02:03;0
09/04/2024 02:04;0
09/04/2024 02:05;0
09/04/2024 02:06;0
09/04/2024 02:07;0
09/04/2024 02:08;0
09/04/2024 02:09;0
09/04/2024 02:10;0
09/04/2024 02:11;0
09/04/2024 02:12;0
09/04/2024 02:13;0
09/04/2024 02:14;0
09/04/2024 02:15;0
09/04/2024 02:16;0
09/04/2024 02:17;0
09/04/2024 02:18;0
09/04/2024 02:19;0
09/04/2024 02:20;0
09/04/2024 02:21;0
09/04/2024 02:22;0
09/04/2024 02:23;0
09/04/2024 02:24;0
09/04/2024 02:25;0
09/04/2024 02:26;0
09/04/2024 02:27;0
09/04/2024 02:28;0
09/04/2024 02:29;0
09/04/2024 02:30;0
09/04/2024 02:31;0
09/04/2024 02:32;0
09/04/2024 02:33;0
09/04/2024 02:34;0
09/04/2024 02:35;0
09/04/2024 02:36;0
09/04/2024 02:37;0
09/04/2024 02:38;0
09/04/2024 02:39;0
09/04/2024 02:40;0
09/04/2024 02:41;0
09/04/2024 02:42;0
09/04/2024 02:43;0
09/04/2024 02:44;0
09/04/2024 02:45;0
09/04/2024 02:46;0
09/04/2024 02:47;0
09/04/2024 02:48;0
09/04/2024 02:49;0
09/04/2024 02:50;0
09/04/2024 02:51;0
09/04/2024 02:52;0
09/04/2024 02:53;0
09/04/2024 02:54;0
09/04/2024 02:55;0
09/04/2024 02:56;0
09/04/2024 02:57;0
09/04/2024 02:58;0
09/04/2024 02:59;0
09/04/2024 03:00;0
09/04/2024 03:01;0
09/04/2024 03:02;0
09/04/2024 03:03;0
09/04/2024 03:04;0
09/04/2024 03:05;0
09/04/2024 03:06;0
09/04/2024 03:07;0
09/04/2024 03:08;0
09/04/2024 03:09;0
09/04/2024 03:10;0
09/04/2024 03:11;0
09/04/2024 03:12;0
09/04/2024 03:13;0
09/04/2024 03:14;0
09/04/2024 03:15;0
09/04/2024 03:16;0
09/04/2024 03:17;0
09/04/2024 03:18;0
09/04/2024 03:19;0
09/04/2024 03:20;0
09/04/2024 03:21;0
09/04/2024 03:22;0
09/04/2024 03:23;0
09/04/2024 03:24;0
09/04/2024 03:25;0
09/04/2024 03:26;0
09/04/2024 03:27;0
09/04/2024 03:28;0
09/04/2024 03:29;0
09/04/2024 03:30;0
09/04/2024 03:31;0
09/04/2024 03:32;0
09/04/2024 03:33;0
09/04/2024 03:34;0
09/04/2024 03:35;0
09/04/2024 03:36;0
09/04/2024 03:37;0
09/04/2024 03:38;0
09/04/2024 03:39;0
09/04/2024 03:40;0
09/04/2024 03:41;0
09/04/2024 03:45;0
09/04/2024 03:46;0
09/04/2024 03:47;0
09/04/2024 03:48;0
09/04/2024 03:49;0
09/04/2024 03:50;0
09/04/2024 03:51;0
09/04/2024 03:52;0
09/04/2024 03:53;0
09/04/2024 03:54;0
09/04/2024 03:55;0
09/04/2024 03:56;0
09/04/2024 03:57;0
09/04/2024 03:58;0
09/04/2024 03:59;0
09/04/2024 04:00;0
09/04/2024 04:01;0
09/04/2024 04:02;0
09/04/2024 04:03;0
09/04/2024 04:04;0
09/04/2024 04:05;0
09/04/2024 04:06;0
09/04/2024 04:07;0
09/04/2024 04:08;0
09/04/2024 04:09;0
09/04/2024 04:10;0
09/04/2024 04:11;0
09/04/2024 04:12;0
09/04/2024 04:13;0
09/04/2024 04:14;0
09/04/2024 04:15;0
09/04/2024 04:16;0
09/04/2024 04:17;0
09/04/2024 04:18;0
09/04/2024 04:19;0
09/04/2024 04:20;0
09/04/2024 04:21;0
09/04/2024 04:22;0
09/04/2024 04:23;0
09/04/2024 04:24;0
09/04/2024 04:25;0
09/04/2024 04:26;0
09/04/2024 04:27;0
09/04/2024 04:28;0
09/04/2024 04:29;0
09/04/2024 04:30;0
09/04/2024 04:31;0
09/04/2024 04:32;0
09/04/2024 04:33;0
09/04/2024 04:34;0
09/04/2024 04:35;0
09/04/2024 04:36;0
09/04/2024 04:37;0
09/04/2024 04:38;0
09/04/2024 04:39;0
09/04/2024 04:40;0
09/04/2024 04:41;0
09/04/2024 04:42;0
09/04/2024 04:43;0
09/04/2024 04:44;0
09/04/2024 04:45;0
09/04/2024 04:46;0
09/04/2024 04:47;0
09/04/2024 04:48;0
09/04/2024 04:49;0
09/04/2024 04:50;0
09/04/2024 04:51;0
09/04/2024 04:52;0
09/04/2024 04:53;0
09/04/2024 04:54;0
09/04/2024 04:55;0
09/04/2024 04:56;0
09/04/2024 04:57;0
09/04/2024 04:58;0
09/04/2024 04:59;0
09/04/2024 05:00;0
09/04/2024 05:01;0
09/04/2024 05:02;0
09/04/2024 05:03;0
09/04/2024 05:04;0
09/04/2024 05:05;0
09/04/2024 05:06;0
09/04/2024 05:07;0
09/04/2024 05:08;0
09/04/2024 05:09;0
09/04/2024 05:10;0
09/04/2024 05:11;0
09/04/2024 05:12;0
09/04/2024 05:13;0
09/04/2024 05:14;0
09/04/2024 05:15;0
09/04/2024 05:16;0
09/04/2024 05:17;0
09/04/2024 05:18;0
09/04/2024 05:19;0
09/04/2024 05:20;0
09/04/2024 05:21;0
09/04/2024 05:22;0
09/04/2024 05:23;0
09/04/2024 05:24;0
09/04/2024 05:25;0
09/04/2024 05:26;0
09/04/2024 05:27;0
09/04/2024 05:28;0
09/04/2024 05:29;0
09/04/2024 05:30;0
09/04/2024 05:31;0
09/04/2024 05:32;0
09/04/2024 05:33;0
09/04/2024 05:34;0
09/04/2024 05:35;0
09/04/2024 05:36;0
09/04/2024 05:37;0
09/04/2024 05:38;0
09/04/2024 05:39;0
09/04/2024 05:40;0
09/04/2024 05:41;0
09/04/2024 05:42;0
09/04/2024 05:43;0
09/04/2024 05:44;0
09/04/2024 05:45;0
09/04/2024 05:46;0
09/04/2024 05:47;0
09/04/2024 05:48;0
09/04/2024 05:49;0
09/04/2024 05:50;0
09/04/2024 05:51;0
09/04/2024 05:52;0
09/04/2024 05:53;0
09/04/2024 05:54;0
09/04/2024 05:55;0
09/04/2024 05:56;0
09/04/2024 05:57;0
09/04/2024 05:58;0
09/04/2024 05:59;0
09/04/2024 06:00;0
09/04/2024 06:01;0
09/04/2024 06:02;0
09/04/2024 06:03;0
09/04/2024 06:04;0
09/04/2024 06:05;0
09/04/2024 06:06;0
09/04/2024 06:07;0
09/04/2024 06:08;0
09/04/2024 06:09;0
09/04/2024 06:10;0
09/04/2024 06:11;0
09/04/2024 06:12;0
09/04/2024 06:13;0
09/04/2024 06:14;0
09/04/2024 06:15;0
09/04/2024 06:16;0
09/04/2024 06:17;0
09/04/2024 06:18;0
09/04/2024 06:19;0
09/04/2024 06:20;0
09/04/2024 06:21;0
09/04/2024 06:22;0
09/04/2024 06:23;0
09/04/2024 06:24;0
09/04/2024 06:25;0
09/04/2024 06:26;0
09/04/2024 06:27;0
09/04/2024 06:28;0
09/04/2024 06:29;0
09/04/2024 06:30;0
09/04/2024 06:31;0
09/04/2024 06:32;0
09/04/2024 06:33;0
09/04/2024 06:34;0
09/04/2024 06:35;0
09/04/2024 06:36;0
09/04/2024 06:37;0
09/04/2024 06:38;0
09/04/2024 06:39;0
09/04/2024 06:40;0
09/04/2024 06:41;0
09/04/2024 06:42;0
09/04/2024 06:43;0
09/04/2024 06:44;0
09/04/2024 06:45;0
09/04/2024 06:46;0
09/04/2024 06:47;0
09/04/2024 06:48;0
09/04/2024 06:49;0
09/04/2024 06:50;0
09/04/2024 06:51;0
09/04/2024 06:52;0
09/04/2024 06:53;0
09/04/2024 06:54;0
09/04/2024 06:55;0
09/04/2024 06:56;0
09/04/2024 06:57;0
09/04/2024 06:58;0
09/04/2024 06:59;0
09/04/2024 07:00;0
09/04/2024 07:01;0
09/04/2024 07:02;0
09/04/2024 07:03;0
09/04/2024 07:04;0
09/04/2024 07:05;0
09/04/2024 07:06;0
09/04/2024 07:07;0
09/04/2024 07:08;0
09/04/2024 07:09;0
09/04/2024 07:10;0
09/04/2024 07:11;0
09/04/2024 07:12;0
09/04/2024 07:13;0
09/04/2024 07:14;0
09/04/2024 07:15;0
09/04/2024 07:16;0
09/04/2024 07:17;0
09/04/2024 07:18;0
09/04/2024 07:19;0
09/04/2024 07:20;0
09/04/2024 07:21;0
09/04/2024 07:22;0
09/04/2024 07:23;0
09/04/2024 07:24;0
09/04/2024 07:25;0
09/04/2024 07:26;0
09/04/2024 07:27;0
09/04/2024 07:28;0
09/04/2024 07:29;0
09/04/2024 07:30;0
09/04/2024 07:31;0
09/04/2024 07:32;0
09/04/2024 07:33;0
09/04/2024 07:34;0
09/04/2024 07:35;0
09/04/2024 07:36;0
09/04/2024 07:37;0
09/04/2024 07:38;0
09/04/2024 07:39;0
09/04/2024 07:40;0
09/04/2024 07:41;0
09/04/2024 07:42;0
09/04/2024 07:43;0
09/04/2024 07:44;0
09/04/2024 07:45;0
09/04/2024 07:46;0
09/04/2024 07:47;0
09/04/2024 07:48;0
09/04/2024 07:49;0
09/04/2024 07:50;0
09/04/2024 07:51;0
09/04/2024 07:52;0
09/04/2024 07:53;0
09/04/2024 07:54;0
09/04/2024 07:55;0
09/04/2024 07:56;0
09/04/2024 07:57;0
09/04/2024 07:58;0
09/04/2024 07:59;0
09/04/2024 08:00;0
09/04/2024 08:01;0
09/04/2024 08:02;0
09/04/2024 08:03;0
09/04/2024 08:04;0
09/04/2024 08:05;0
09/04/2024 08:06;99999994
09/04/2024 08:07;0
09/04/2024 08:08;0
09/04/2024 08:09;0
09/04/2024 08:10;0
09/04/2024 08:11;25
09/04/2024 08:12;3999999762
09/04/2024 08:13;6499999523
09/04/2024 08:14;9
09/04/2024 08:15;115
09/04/2024 08:16;1399999905
09/04/2024 08:17;165
09/04/2024 08:18;18
09/04/2024 08:19;2049999809
09/04/2024 08:20;23
09/04/2024 08:21;255
09/04/2024 08:22;2799999809
09/04/2024 08:23;3049999809
09/04/2024 08:24;345
09/04/2024 08:25;37
09/04/2024 08:26;385
09/04/2024 08:27;42
09/04/2024 08:28;4649999619
09/04/2024 08:29;49
09/04/2024 08:30;51
09/04/2024 08:31;525
09/04/2024 08:32;36
09/04/2024 08:33;5399999619
09/04/2024 08:34;36
09/04/2024 08:35;565
09/04/2024 08:36;55
09/04/2024 08:37;565
09/04/2024 08:38;5749999619
09/04/2024 08:39;69
09/04/2024 08:40;735
09/04/2024 08:41;7849999237
09/04/2024 08:42;835
09/04/2024 08:43;875
09/04/2024 08:44;91
09/04/2024 08:45;95
09/04/2024 08:46;99
09/04/2024 08:47;103
09/04/2024 08:48;1065
09/04/2024 08:49;1105
09/04/2024 08:50;114
09/04/2024 08:51;117
09/04/2024 08:52;1195
09/04/2024 08:53;121
09/04/2024 08:54;1219999924
09/04/2024 08:55;1235
09/04/2024 08:56;1254999924
09/04/2024 08:57;126
09/04/2024 08:58;1285
09/04/2024 08:59;1305
09/04/2024 09:00;1335
09/04/2024 09:01;137
09/04/2024 09:02;141
09/04/2024 09:03;146
09/04/2024 09:04;1499999847
09/04/2024 09:05;1555
09/04/2024 09:06;1604999847
09/04/2024 09:07;1645
09/04/2024 09:08;1695
09/04/2024 09:09;1735
09/04/2024 09:10;1785
09/04/2024 09:11;1824999847
09/04/2024 09:12;1869999847
09/04/2024 09:13;191
09/04/2024 09:14;195
09/04/2024 09:15;2015
09/04/2024 09:16;1515
09/04/2024 09:17;2165
09/04/2024 09:18;2229999847
09/04/2024 09:19;232
09/04/2024 09:20;2385
09/04/2024 09:21;2435
09/04/2024 09:22;248
09/04/2024 09:23;2525
09/04/2024 09:24;257
09/04/2024 09:25;264
09/04/2024 09:26;2695
09/04/2024 09:27;2744999695
09/04/2024 09:28;281
09/04/2024 09:29;290
09/04/2024 09:30;2954999695
09/04/2024 09:31;303
09/04/2024 09:32;3094999695
09/04/2024 09:33;3155
09/04/2024 09:34;3205
09/04/2024 09:35;326
09/04/2024 09:36;325
09/04/2024 09:37;331
09/04/2024 09:38;345
09/04/2024 09:39;3505
09/04/2024 09:40;3545
09/04/2024 09:41;3595
09/04/2024 09:42;3685
09/04/2024 09:43;3725
09/04/2024 09:44;3795
09/04/2024 09:45;3859999695
09/04/2024 09:46;3924999695
09/04/2024 09:47;398
09/04/2024 09:48;4039999695
09/04/2024 09:49;4134999695
09/04/2024 09:50;4204999695
09/04/2024 09:51;427
09/04/2024 09:52;4364999695
09/04/2024 09:53;445
09/04/2024 09:54;457
09/04/2024 09:55;472
09/04/2024 09:56;4815
09/04/2024 09:57;4874999695
09/04/2024 09:58;4955
09/04/2024 09:59;4989999695
09/04/2024 10:00;504
09/04/2024 10:01;5054999695
09/04/2024 10:02;5069999695
09/04/2024 10:03;5069999695
09/04/2024 10:04;5069999695
09/04/2024 10:05;504
09/04/2024 10:06;5015
09/04/2024 10:07;520999939
09/04/2024 10:08;520999939
09/04/2024 10:09;5054999695
09/04/2024 10:10;5065
09/04/2024 10:11;5080000305
09/04/2024 10:12;513
09/04/2024 10:13;520999939
09/04/2024 10:14;532499939
09/04/2024 10:15;539999939
09/04/2024 10:16;548999939
09/04/2024 10:17;571
09/04/2024 10:18;5775
09/04/2024 10:19;576
09/04/2024 10:20;576
09/04/2024 10:21;570
09/04/2024 10:22;565499939
09/04/2024 10:23;566
09/04/2024 10:24;560499939
09/04/2024 10:25;5545
09/04/2024 10:26;551499939
09/04/2024 10:27;544
09/04/2024 10:28;5505
09/04/2024 10:29;5675
09/04/2024 10:30;5855
09/04/2024 10:31;6085
09/04/2024 10:32;638
09/04/2024 10:33;6695
09/04/2024 10:34;708
09/04/2024 10:35;741499939
09/04/2024 10:36;774
09/04/2024 10:37;792
09/04/2024 10:38;821
09/04/2024 10:39;862
09/04/2024 10:40;861
09/04/2024 10:41;850999939
09/04/2024 10:42;862499939
09/04/2024 10:43;4605
09/04/2024 10:44;908499939
09/04/2024 10:45;905
09/04/2024 10:46;921499939
09/04/2024 10:47;8265
09/04/2024 10:48;755499939
09/04/2024 10:49;723499939
09/04/2024 10:50;703
09/04/2024 10:51;699
09/04/2024 10:52;718499939
09/04/2024 10:53;740
09/04/2024 10:54;719999939
09/04/2024 10:55;6695
09/04/2024 10:56;657
09/04/2024 10:57;621
09/04/2024 10:58;602
09/04/2024 10:59;5925
09/04/2024 11:00;5825
09/04/2024 11:01;581
09/04/2024 11:02;580
09/04/2024 11:03;5875
09/04/2024 11:04;6175
09/04/2024 11:05;6645
09/04/2024 11:06;6915
09/04/2024 11:07;706
09/04/2024 11:08;6775
09/04/2024 11:09;6965
09/04/2024 11:10;662499939
09/04/2024 11:11;6505
09/04/2024 11:12;690499939
09/04/2024 11:13;733999939
09/04/2024 11:14;748999939
09/04/2024 11:15;839499939
09/04/2024 11:16;1010
09/04/2024 11:17;995499939
09/04/2024 11:18;1028999878
09/04/2024 11:19;11795
09/04/2024 11:20;14655
09/04/2024 11:21;13115
09/04/2024 11:22;1634499878
09/04/2024 11:23;15565
09/04/2024 11:24;14245
09/04/2024 11:25;1319
09/04/2024 11:26;1321999878
09/04/2024 11:27;1706499878
09/04/2024 11:28;19045
09/04/2024 11:29;1764499878
09/04/2024 11:30;1653
09/04/2024 11:31;18785
09/04/2024 11:32;17055
09/04/2024 11:33;1616499878
09/04/2024 11:34;1721
09/04/2024 11:35;1787499878
09/04/2024 11:36;19045
09/04/2024 11:37;17325
09/04/2024 11:38;1405
09/04/2024 11:39;1405
09/04/2024 11:40;15255
09/04/2024 11:41;1624499878
09/04/2024 11:42;15525
09/04/2024 11:43;1420499878
09/04/2024 11:44;12355
09/04/2024 11:45;12795
09/04/2024 11:46;1240999878
09/04/2024 11:47;1304
09/04/2024 11:48;1523
09/04/2024 11:49;19425
09/04/2024 11:50;1752999878
09/04/2024 11:51;1770999878
09/04/2024 11:52;17795
09/04/2024 11:53;1826999878
09/04/2024 11:54;16505
09/04/2024 11:55;1499
09/04/2024 11:56;1834
09/04/2024 11:57;18475
09/04/2024 11:58;1839
09/04/2024 11:59;19785
09/04/2024 12:00;18475
09/04/2024 12:01;1721
09/04/2024 12:02;17015
09/04/2024 12:03;1671
09/04/2024 12:04;1763
09/04/2024 12:05;19555
09/04/2024 12:06;2017499878
09/04/2024 12:07;1739
09/04/2024 12:08;1645
09/04/2024 12:09;1757
09/04/2024 12:10;1681999878
09/04/2024 12:11;1648999878
09/04/2024 12:12;15935
09/04/2024 12:13;21325
09/04/2024 12:14;1875999878
09/04/2024 12:15;1785
09/04/2024 12:16;1745
09/04/2024 12:17;1859499878
09/04/2024 12:18;18735
09/04/2024 12:19;19595
09/04/2024 12:20;20105
09/04/2024 12:21;2008499878
09/04/2024 12:22;1908999878
09/04/2024 12:23;2070
09/04/2024 12:24;1913
09/04/2024 12:25;1726
09/04/2024 12:26;1818499878
09/04/2024 12:27;19005
09/04/2024 12:28;1836
09/04/2024 12:29;16875
09/04/2024 12:30;1762
09/04/2024 12:31;17785
09/04/2024 12:32;17605
09/04/2024 12:33;1655
09/04/2024 12:34;18045
09/04/2024 12:35;17745
09/04/2024 12:36;18815
09/04/2024 12:37;1846499878
09/04/2024 12:38;1948
09/04/2024 12:39;17935
09/04/2024 12:40;1890
09/04/2024 12:41;2001999878
09/04/2024 12:42;2129999756
09/04/2024 12:43;2190
09/04/2024 12:44;2199499756
09/04/2024 12:45;21785
09/04/2024 12:46;22765
09/04/2024 12:47;2248499756
09/04/2024 12:48;16685
09/04/2024 12:49;2103
09/04/2024 12:50;2027499878
09/04/2024 12:51;20465
09/04/2024 12:52;2165
09/04/2024 12:53;2152
09/04/2024 12:54;1973499878
09/04/2024 12:55;2099
09/04/2024 12:56;20995
09/04/2024 12:57;19005
09/04/2024 12:58;1811999878
09/04/2024 12:59;19555
09/04/2024 13:00;2037499878
09/04/2024 13:01;1926
09/04/2024 13:02;19135
09/04/2024 13:03;1989999878
09/04/2024 13:04;2017
09/04/2024 13:05;19925
09/04/2024 13:06;2125
09/04/2024 13:07;1849
09/04/2024 13:08;2057
09/04/2024 13:09;22285
09/04/2024 13:10;2056
09/04/2024 13:11;20595
09/04/2024 13:12;2072
09/04/2024 13:13;2054499756
09/04/2024 13:14;2062
09/04/2024 13:15;20835
09/04/2024 13:16;22005
09/04/2024 13:17;2199499756
09/04/2024 13:18;2186499756
09/04/2024 13:19;2188
09/04/2024 13:20;22215
09/04/2024 13:21;22185
09/04/2024 13:22;21375
09/04/2024 13:23;2135
09/04/2024 13:24;19785
09/04/2024 13:25;1949
09/04/2024 13:26;20195
09/04/2024 13:27;1986499878
09/04/2024 13:28;2062
09/04/2024 13:29;2039
09/04/2024 13:30;1944
09/04/2024 13:31;1979999878
09/04/2024 13:32;2063
09/04/2024 13:33;20695
09/04/2024 13:34;2146499756
09/04/2024 13:35;21455
09/04/2024 13:36;22235
09/04/2024 13:37;2207
09/04/2024 13:38;1956999878
09/04/2024 13:39;1916
09/04/2024 13:40;19785
09/04/2024 13:41;1305
09/04/2024 13:42;1260
09/04/2024 13:43;1278
09/04/2024 13:44;1500
09/04/2024 13:45;20465
09/04/2024 13:46;21035
09/04/2024 13:47;2321499756
09/04/2024 13:48;2306
09/04/2024 13:49;2029
09/04/2024 13:50;2013
09/04/2024 13:51;2176
09/04/2024 13:52;21445
09/04/2024 13:53;1986499878
09/04/2024 13:54;1967999878
09/04/2024 13:55;1922499878
09/04/2024 13:56;19245
09/04/2024 13:57;1895
09/04/2024 13:58;2152
09/04/2024 13:59;2198
09/04/2024 14:00;19515
09/04/2024 14:01;1958
09/04/2024 14:02;19875
09/04/2024 14:03;1992999878
09/04/2024 14:04;1971
09/04/2024 14:05;1961999878
09/04/2024 14:06;21275
09/04/2024 14:07;2138
09/04/2024 14:08;19875
09/04/2024 14:09;1956999878
09/04/2024 14:10;2030
09/04/2024 14:11;1956499878
09/04/2024 14:12;1694
09/04/2024 14:13;1170
09/04/2024 14:14;1020
09/04/2024 14:15;14375
09/04/2024 14:16;12205
09/04/2024 14:17;13425
09/04/2024 14:18;1250999878
09/04/2024 14:19;1191999878
09/04/2024 14:20;1380999878
09/04/2024 14:21;1839999878
09/04/2024 14:22;2049
09/04/2024 14:23;17565
09/04/2024 14:24;12885
09/04/2024 14:25;1183
09/04/2024 14:26;1194999878
09/04/2024 14:27;1416999878
09/04/2024 14:28;8249999237
09/04/2024 14:29;1341
09/04/2024 14:30;15035
09/04/2024 14:31;2039
09/04/2024 14:32;20355
09/04/2024 14:33;2123499756
09/04/2024 14:34;2021999878
09/04/2024 14:35;2149
09/04/2024 14:36;2337
09/04/2024 14:37;20835
09/04/2024 14:38;20815
09/04/2024 14:39;2067
09/04/2024 14:40;1997999878
09/04/2024 14:41;1986
09/04/2024 14:42;1956999878
09/04/2024 14:43;1986
09/04/2024 14:44;18725
09/04/2024 14:45;1757999878
09/04/2024 14:46;1892499878
09/04/2024 14:47;1691
09/04/2024 14:48;2108
09/04/2024 14:49;2163499756
09/04/2024 14:50;2199
09/04/2024 14:51;22035
09/04/2024 14:52;1915499878
09/04/2024 14:53;1889
09/04/2024 14:54;19725
09/04/2024 14:55;1994
09/04/2024 14:56;1939
09/04/2024 14:57;1943
09/04/2024 14:58;1905499878
09/04/2024 14:59;1898999878
09/04/2024 15:00;1997
09/04/2024 15:01;1963
09/04/2024 15:02;19495
09/04/2024 15:03;1948
09/04/2024 15:04;19775
09/04/2024 15:05;1971
09/04/2024 15:06;19875
09/04/2024 15:07;1867
09/04/2024 15:08;1879499878
09/04/2024 15:09;1921
09/04/2024 15:10;1769499878
09/04/2024 15:11;15525
09/04/2024 15:12;1747999878
09/04/2024 15:13;20355
09/04/2024 15:14;1931
09/04/2024 15:15;1782
09/04/2024 15:16;1688499878
09/04/2024 15:17;1867
09/04/2024 15:18;20465
09/04/2024 15:19;1735
09/04/2024 15:20;1816
09/04/2024 15:21;18325
09/04/2024 15:22;1202
09/04/2024 15:23;1996499878
09/04/2024 15:24;1666999878
09/04/2024 15:25;1385999878
09/04/2024 15:26;1786
09/04/2024 15:27;1979999878
09/04/2024 15:28;2209499756
09/04/2024 15:29;1958499878
09/04/2024 15:30;1949
09/04/2024 15:31;1257499878
09/04/2024 15:32;10085
09/04/2024 15:33;938999939
09/04/2024 15:34;914
09/04/2024 15:35;1058499878
09/04/2024 15:36;1383
09/04/2024 15:37;11125
09/04/2024 15:38;1844999878
09/04/2024 15:39;1759499878
09/04/2024 15:40;1650
09/04/2024 15:41;1630999878
09/04/2024 15:42;1856499878
09/04/2024 15:43;2044999878
09/04/2024 15:44;1472999878
09/04/2024 15:45;1921
09/04/2024 15:46;15335
09/04/2024 15:47;9445
09/04/2024 15:48;1186999878
09/04/2024 15:49;12985
09/04/2024 15:50;13585
09/04/2024 15:51;8505
09/04/2024 15:52;870
09/04/2024 15:53;766
09/04/2024 15:54;7775
09/04/2024 15:55;782499939
09/04/2024 15:56;862499939
09/04/2024 15:57;8185
09/04/2024 15:58;732499939
09/04/2024 15:59;685499939
09/04/2024 16:00;7125
09/04/2024 16:01;732499939
09/04/2024 16:02;734999939
09/04/2024 16:03;757
09/04/2024 16:04;8135
09/04/2024 16:05;764499939
09/04/2024 16:06;699
09/04/2024 16:07;6275
09/04/2024 16:08;581
09/04/2024 16:09;537499939
09/04/2024 16:10;6505
09/04/2024 16:11;845999939
09/04/2024 16:12;682999939
09/04/2024 16:13;653
09/04/2024 16:14;616
09/04/2024 16:15;613
09/04/2024 16:16;607
09/04/2024 16:17;646999939
09/04/2024 16:18;699499939
09/04/2024 16:19;746499939
09/04/2024 16:20;796499939
09/04/2024 16:21;970999939
09/04/2024 16:22;1045499878
09/04/2024 16:23;914999939
09/04/2024 16:24;770
09/04/2024 16:25;788
09/04/2024 16:26;8305
09/04/2024 16:27;784
09/04/2024 16:28;7315
09/04/2024 16:29;752999939
09/04/2024 16:30;706999939
09/04/2024 16:31;652
09/04/2024 16:32;639
09/04/2024 16:33;6635
09/04/2024 16:34;6515
09/04/2024 16:35;6595
09/04/2024 16:36;6505
09/04/2024 16:37;6325
09/04/2024 16:38;6285
09/04/2024 16:39;660999939
09/04/2024 16:40;733999939
09/04/2024 16:41;8305
09/04/2024 16:42;909999939
09/04/2024 16:43;10165
09/04/2024 16:44;1138
09/04/2024 16:45;1186999878
09/04/2024 16:46;1037
09/04/2024 16:47;868999939
09/04/2024 16:48;769
09/04/2024 16:49;789
09/04/2024 16:50;8595
09/04/2024 16:51;9395
09/04/2024 16:52;8675
09/04/2024 16:53;778499939
09/04/2024 16:54;722499939
09/04/2024 16:55;755499939
09/04/2024 16:56;802
09/04/2024 16:57;727499939
09/04/2024 16:58;7145
09/04/2024 16:59;7125
09/04/2024 17:00;652
09/04/2024 17:01;606
09/04/2024 17:02;6015
09/04/2024 17:03;606
09/04/2024 17:04;622
09/04/2024 17:05;611
09/04/2024 17:06;6045
09/04/2024 17:07;6455
09/04/2024 17:08;692
09/04/2024 17:09;741499939
09/04/2024 17:10;7055
09/04/2024 17:11;5675
09/04/2024 17:12;519499939
09/04/2024 17:13;472
09/04/2024 17:14;449
09/04/2024 17:15;457
09/04/2024 17:16;4605
09/04/2024 17:17;4579999695
09/04/2024 17:18;471
09/04/2024 17:19;4865
09/04/2024 17:20;4974999695
09/04/2024 17:21;4734999695
09/04/2024 17:22;4545
09/04/2024 17:23;461
09/04/2024 17:24;4815
09/04/2024 17:25;5094999695
09/04/2024 17:26;519499939
09/04/2024 17:27;4974999695
09/04/2024 17:28;472
09/04/2024 17:29;4545
09/04/2024 17:30;4274999695
09/04/2024 17:31;3875
09/04/2024 17:32;3655
09/04/2024 17:33;3475
09/04/2024 17:34;3335
09/04/2024 17:35;348
09/04/2024 17:36;3505
09/04/2024 17:37;3365
09/04/2024 17:38;3139999695
09/04/2024 17:39;285
09/04/2024 17:40;2629999695
09/04/2024 17:41;282
09/04/2024 17:42;326
09/04/2024 17:43;363
09/04/2024 17:44;3655
09/04/2024 17:45;3565
09/04/2024 17:46;3785
09/04/2024 17:47;399
09/04/2024 17:48;426
09/04/2024 17:49;457
09/04/2024 17:50;4565
09/04/2024 17:51;4425
09/04/2024 17:52;413
09/04/2024 17:53;377
09/04/2024 17:54;3595
09/04/2024 17:55;371
09/04/2024 17:56;3949999695
09/04/2024 17:57;4375
09/04/2024 17:58;4924999695
09/04/2024 17:59;585
09/04/2024 18:00;543
09/04/2024 18:01;4685
09/04/2024 18:02;4249999695
09/04/2024 18:03;3865
09/04/2024 18:04;198
09/04/2024 18:05;3554999695
09/04/2024 18:06;3655
09/04/2024 18:07;3505
09/04/2024 18:08;3275
09/04/2024 18:09;2835
09/04/2024 18:10;272
09/04/2024 18:11;268
09/04/2024 18:12;2795
09/04/2024 18:13;2845
09/04/2024 18:14;281
09/04/2024 18:15;2859999695
09/04/2024 18:16;2835
09/04/2024 18:17;2744999695
09/04/2024 18:18;2414999847
09/04/2024 18:19;205
09/04/2024 18:20;1505
09/04/2024 18:21;1105
09/04/2024 18:22;85
09/04/2024 18:23;735
09/04/2024 18:24;76
09/04/2024 18:25;875
09/04/2024 18:26;1055
09/04/2024 18:27;1219999924
09/04/2024 18:28;1394999847
09/04/2024 18:29;159
09/04/2024 18:30;1824999847
09/04/2024 18:31;190
09/04/2024 18:32;1735
09/04/2024 18:33;1464999847
09/04/2024 18:34;1235
09/04/2024 18:35;1285
09/04/2024 18:36;146
09/04/2024 18:37;1575
09/04/2024 18:38;155
09/04/2024 18:39;1499999847
09/04/2024 18:40;155
09/04/2024 18:41;1525
09/04/2024 18:42;1254999924
09/04/2024 18:43;1025
09/04/2024 18:44;92
09/04/2024 18:45;76
09/04/2024 18:46;53
09/04/2024 18:47;42
09/04/2024 18:48;345
09/04/2024 18:49;3199999809
09/04/2024 18:50;3199999809
09/04/2024 18:51;335
09/04/2024 18:52;35
09/04/2024 18:53;37
09/04/2024 18:54;3749999619
09/04/2024 18:55;3749999619
09/04/2024 18:56;385
09/04/2024 18:57;395
09/04/2024 18:58;4099999619
09/04/2024 18:59;44
09/04/2024 19:00;44
09/04/2024 19:01;40
09/04/2024 19:02;345
09/04/2024 19:03;2799999809
09/04/2024 19:04;23
09/04/2024 19:05;22
09/04/2024 19:06;245
09/04/2024 19:07;33
09/04/2024 19:08;40
09/04/2024 19:09;475
09/04/2024 19:10;4499999619
09/04/2024 19:11;4099999619
09/04/2024 19:12;385
09/04/2024 19:13;37
09/04/2024 19:14;3749999619
09/04/2024 19:15;40
09/04/2024 19:16;44
09/04/2024 19:17;4999999619
09/04/2024 19:18;42
09/04/2024 19:19;40
09/04/2024 19:20;40
09/04/2024 19:21;3749999619
09/04/2024 19:22;36
09/04/2024 19:23;295
09/04/2024 19:24;245
09/04/2024 19:25;24
09/04/2024 19:26;2599999809
09/04/2024 19:27;285
09/04/2024 19:28;2799999809
09/04/2024 19:29;2599999809
09/04/2024 19:30;255
09/04/2024 19:31;24
09/04/2024 19:32;23
09/04/2024 19:33;2049999809
09/04/2024 19:34;19
09/04/2024 19:35;195
09/04/2024 19:36;195
09/04/2024 19:37;18
09/04/2024 19:38;19
09/04/2024 19:39;2049999809
09/04/2024 19:40;195
09/04/2024 19:41;165
09/04/2024 19:42;1299999905
09/04/2024 19:43;105
09/04/2024 19:44;105
09/04/2024 19:45;115
09/04/2024 19:46;10
09/04/2024 19:47;5
09/04/2024 19:48;99999994
09/04/2024 19:49;0
09/04/2024 19:50;0
09/04/2024 19:51;0
09/04/2024 19:52;0
09/04/2024 19:53;0
09/04/2024 19:54;0
09/04/2024 19:55;0
09/04/2024 19:56;99999994
09/04/2024 19:57;0
09/04/2024 19:58;0
09/04/2024 19:59;0
09/04/2024 20:00;0
09/04/2024 20:01;0
09/04/2024 20:02;0
09/04/2024 20:03;0
09/04/2024 20:04;0
09/04/2024 20:05;0
09/04/2024 20:06;0
09/04/2024 20:07;0
09/04/2024 20:08;0
09/04/2024 20:09;0
09/04/2024 20:10;0
09/04/2024 20:11;0
09/04/2024 20:12;0
09/04/2024 20:13;0
09/04/2024 20:14;0
09/04/2024 20:15;0
09/04/2024 20:16;0
09/04/2024 20:17;0
09/04/2024 20:18;0
09/04/2024 20:19;0
09/04/2024 20:20;0
09/04/2024 20:21;0
09/04/2024 20:22;0
09/04/2024 20:23;0
09/04/2024 20:24;0
09/04/2024 20:25;0
09/04/2024 20:26;0
09/04/2024 20:27;0
09/04/2024 20:28;0
09/04/2024 20:29;0
09/04/2024 20:30;0
09/04/2024 20:31;0
09/04/2024 20:32;0
09/04/2024 20:33;0
09/04/2024 20:34;0
09/04/2024 20:35;0
09/04/2024 20:36;0
09/04/2024 20:37;0
09/04/2024 20:38;0
09/04/2024 20:39;0
09/04/2024 20:40;0
09/04/2024 20:41;0
09/04/2024 20:42;0
09/04/2024 20:43;0
09/04/2024 20:44;0
09/04/2024 20:45;0
09/04/2024 20:46;0
09/04/2024 20:47;0
09/04/2024 20:48;0
09/04/2024 20:49;0
09/04/2024 20:50;0
09/04/2024 20:51;0
09/04/2024 20:52;0
09/04/2024 20:53;0
09/04/2024 20:54;0
09/04/2024 20:55;0
09/04/2024 20:56;0
09/04/2024 20:57;0
09/04/2024 20:58;0
09/04/2024 20:59;0
09/04/2024 21:00;0
09/04/2024 21:01;0
09/04/2024 21:02;0
09/04/2024 21:03;0
09/04/2024 21:04;0
09/04/2024 21:05;0
09/04/2024 21:06;0
09/04/2024 21:07;0
09/04/2024 21:08;0
09/04/2024 21:09;0
09/04/2024 21:10;0
09/04/2024 21:11;0
09/04/2024 21:12;0
09/04/2024 21:13;0
09/04/2024 21:14;0
09/04/2024 21:15;0
09/04/2024 21:16;0
09/04/2024 21:17;0
09/04/2024 21:18;0
09/04/2024 21:19;0
09/04/2024 21:20;0
09/04/2024 21:21;0
09/04/2024 21:22;0
09/04/2024 21:23;0
09/04/2024 21:24;0
09/04/2024 21:25;0
09/04/2024 21:26;0
09/04/2024 21:27;0
09/04/2024 21:28;0
09/04/2024 21:29;0
09/04/2024 21:30;0
09/04/2024 21:31;0
09/04/2024 21:32;0
09/04/2024 21:33;0
09/04/2024 21:34;0
09/04/2024 21:35;0
09/04/2024 21:36;0
09/04/2024 21:37;0
09/04/2024 21:38;0
09/04/2024 21:39;0
09/04/2024 21:40;0
09/04/2024 21:41;0
09/04/2024 21:42;0
09/04/2024 21:43;0
09/04/2024 21:44;0
09/04/2024 21:45;0
09/04/2024 21:46;0
09/04/2024 21:47;0
09/04/2024 21:48;0
09/04/2024 21:49;0
09/04/2024 21:50;0
09/04/2024 21:51;0
09/04/2024 21:52;0
09/04/2024 21:53;0
09/04/2024 21:54;0
09/04/2024 21:55;0
09/04/2024 21:56;0
09/04/2024 21:57;0
09/04/2024 21:58;0
09/04/2024 21:59;0
09/04/2024 22:00;0
09/04/2024 22:01;0
09/04/2024 22:02;0
09/04/2024 22:03;0
09/04/2024 22:04;0
09/04/2024 22:05;0
09/04/2024 22:06;0
09/04/2024 22:07;0
09/04/2024 22:08;0
09/04/2024 22:09;0
09/04/2024 22:10;0
09/04/2024 22:11;0
09/04/2024 22:12;0
09/04/2024 22:13;0
09/04/2024 22:14;0
09/04/2024 22:15;0
09/04/2024 22:16;0
09/04/2024 22:17;0
09/04/2024 22:18;0
09/04/2024 22:19;0
09/04/2024 22:20;0
09/04/2024 22:21;0
09/04/2024 22:22;0
09/04/2024 22:23;0
09/04/2024 22:24;0
09/04/2024 22:25;0
09/04/2024 22:26;0
09/04/2024 22:27;0
09/04/2024 22:28;0
09/04/2024 22:29;0
09/04/2024 22:30;0
09/04/2024 22:31;0
09/04/2024 22:32;0
09/04/2024 22:33;0
09/04/2024 22:34;0
09/04/2024 22:35;0
09/04/2024 22:36;0
09/04/2024 22:37;0
09/04/2024 22:38;0
09/04/2024 22:39;0
09/04/2024 22:40;0
09/04/2024 22:41;0
09/04/2024 22:42;0
09/04/2024 22:43;0
09/04/2024 22:44;0
09/04/2024 22:45;0
09/04/2024 22:46;0
09/04/2024 22:47;0
09/04/2024 22:48;0
09/04/2024 22:49;0
09/04/2024 22:50;0
09/04/2024 22:51;0
09/04/2024 22:52;0
09/04/2024 22:53;0
09/04/2024 22:54;0
09/04/2024 22:55;0
09/04/2024 22:56;0
09/04/2024 22:57;0
09/04/2024 22:58;0
09/04/2024 22:59;0
09/04/2024 23:00;0
09/04/2024 23:01;0
09/04/2024 23:02;0
09/04/2024 23:03;0
09/04/2024 23:04;0
09/04/2024 23:05;0
09/04/2024 23:06;0
09/04/2024 23:07;0
09/04/2024 23:08;0
09/04/2024 23:09;0
09/04/2024 23:10;0
09/04/2024 23:11;0
09/04/2024 23:12;0
09/04/2024 23:13;0
09/04/2024 23:14;0
09/04/2024 23:15;0
09/04/2024 23:16;0
09/04/2024 23:17;0
09/04/2024 23:18;0
09/04/2024 23:19;0
09/04/2024 23:20;0
09/04/2024 23:21;0
09/04/2024 23:22;0
09/04/2024 23:23;0
09/04/2024 23:24;0
09/04/2024 23:25;0
09/04/2024 23:26;0
09/04/2024 23:27;0
09/04/2024 23:28;0
09/04/2024 23:29;0
09/04/2024 23:30;0
09/04/2024 23:31;0
09/04/2024 23:32;0
09/04/2024 23:33;0
09/04/2024 23:34;0
09/04/2024 23:35;0
09/04/2024 23:36;0
09/04/2024 23:37;0
09/04/2024 23:38;0
09/04/2024 23:39;0
09/04/2024 23:40;0
09/04/2024 23:41;0
09/04/2024 23:42;0
09/04/2024 23:43;0
09/04/2024 23:44;0
09/04/2024 23:45;0
09/04/2024 23:46;0
09/04/2024 23:47;0
09/04/2024 23:48;0
09/04/2024 23:49;0
09/04/2024 23:50;0
09/04/2024 23:51;0
09/04/2024 23:52;0
09/04/2024 23:53;0
09/04/2024 23:54;0
09/04/2024 23:55;0
09/04/2024 23:56;0
09/04/2024 23:57;0
09/04/2024 23:58;0
09/04/2024 23:59;0
10/04/2024 00:00;0
10/04/2024 00:01;0
10/04/2024 00:02;0
10/04/2024 00:03;0
10/04/2024 00:04;0
10/04/2024 00:05;0
10/04/2024 00:06;0
10/04/2024 00:07;0
10/04/2024 00:08;0
10/04/2024 00:09;0
10/04/2024 00:10;0
10/04/2024 00:11;0
10/04/2024 00:12;0
10/04/2024 00:13;0
10/04/2024 00:14;0
10/04/2024 00:15;0
10/04/2024 00:16;0
10/04/2024 00:17;0
10/04/2024 00:18;0
10/04/2024 00:19;0
10/04/2024 00:20;0
10/04/2024 00:21;0
10/04/2024 00:22;0
10/04/2024 00:23;0
10/04/2024 00:24;0
10/04/2024 00:25;0
10/04/2024 00:26;0
10/04/2024 00:27;0
10/04/2024 00:28;0
10/04/2024 00:29;0
10/04/2024 00:30;0
10/04/2024 00:31;0
10/04/2024 00:32;0
10/04/2024 00:33;0
10/04/2024 00:34;0
10/04/2024 00:35;0
10/04/2024 00:36;0
10/04/2024 00:37;0
10/04/2024 00:38;0
10/04/2024 00:39;0
10/04/2024 00:40;0
10/04/2024 00:41;0
10/04/2024 00:42;0
10/04/2024 00:43;0
10/04/2024 00:44;0
10/04/2024 00:45;0
10/04/2024 00:46;0
10/04/2024 00:47;0
10/04/2024 00:48;0
10/04/2024 00:49;0
10/04/2024 00:50;0
10/04/2024 00:51;0
10/04/2024 00:52;0
10/04/2024 00:53;0
10/04/2024 00:54;0
10/04/2024 00:55;0
10/04/2024 00:56;0
10/04/2024 00:57;0
10/04/2024 00:58;0
10/04/2024 00:59;0
10/04/2024 01:00;0
10/04/2024 01:01;0
10/04/2024 01:02;0
10/04/2024 01:03;0
10/04/2024 01:04;0
10/04/2024 01:05;0
10/04/2024 01:06;0
10/04/2024 01:07;0
10/04/2024 01:08;0
10/04/2024 01:09;0
10/04/2024 01:10;0
10/04/2024 01:11;0
10/04/2024 01:12;0
10/04/2024 01:13;0
10/04/2024 01:14;0
10/04/2024 01:15;0
10/04/2024 01:16;0
10/04/2024 01:17;0
10/04/2024 01:18;0
10/04/2024 01:19;0
10/04/2024 01:20;0
10/04/2024 01:21;0
10/04/2024 01:22;0
10/04/2024 01:23;0
10/04/2024 01:24;0
10/04/2024 01:25;0
10/04/2024 01:26;0
10/04/2024 01:27;0
10/04/2024 01:28;0
10/04/2024 01:29;0
10/04/2024 01:30;0
10/04/2024 01:31;0
10/04/2024 01:32;0
10/04/2024 01:33;0
10/04/2024 01:34;0
10/04/2024 01:35;0
10/04/2024 01:36;0
10/04/2024 01:37;0
10/04/2024 01:38;0
10/04/2024 01:39;0
10/04/2024 01:40;0
10/04/2024 01:41;0
10/04/2024 01:42;0
10/04/2024 01:43;0
10/04/2024 01:44;0
10/04/2024 01:45;0
10/04/2024 01:46;0
10/04/2024 01:47;0
10/04/2024 01:48;0
10/04/2024 01:49;0
10/04/2024 01:50;0
10/04/2024 01:51;0
10/04/2024 01:52;0
10/04/2024 01:53;0
10/04/2024 01:54;0
10/04/2024 01:55;0
10/04/2024 01:56;0
10/04/2024 01:57;0
10/04/2024 01:58;0
10/04/2024 01:59;0
10/04/2024 02:00;0
10/04/2024 02:01;0
10/04/2024 02:02;0
10/04/2024 02:03;0
10/04/2024 02:04;0
10/04/2024 02:05;0
10/04/2024 02:06;0
10/04/2024 02:07;0
10/04/2024 02:08;0
10/04/2024 02:09;0
10/04/2024 02:10;0
10/04/2024 02:11;0
10/04/2024 02:12;0
10/04/2024 02:13;0
10/04/2024 02:14;0
10/04/2024 02:15;0
10/04/2024 02:16;0
10/04/2024 02:17;0
10/04/2024 02:18;0
10/04/2024 02:19;0
10/04/2024 02:20;0
10/04/2024 02:21;0
10/04/2024 02:22;0
10/04/2024 02:23;0
10/04/2024 02:24;0
10/04/2024 02:25;0
10/04/2024 02:26;0
10/04/2024 02:27;0
10/04/2024 02:28;0
10/04/2024 02:29;0
10/04/2024 02:30;0
10/04/2024 02:31;0
10/04/2024 02:32;0
10/04/2024 02:33;0
10/04/2024 02:34;0
10/04/2024 02:35;0
10/04/2024 02:36;0
10/04/2024 02:37;0
10/04/2024 02:38;0
10/04/2024 02:39;0
10/04/2024 02:40;0
10/04/2024 02:41;0
10/04/2024 02:42;0
10/04/2024 02:43;0
10/04/2024 02:44;0
10/04/2024 02:45;0
10/04/2024 02:46;0
10/04/2024 02:47;0
10/04/2024 02:48;0
10/04/2024 02:49;0
10/04/2024 02:50;0
10/04/2024 02:51;0
10/04/2024 02:52;0
10/04/2024 02:53;0
10/04/2024 02:54;0
10/04/2024 02:55;0
10/04/2024 02:56;0
10/04/2024 02:57;0
10/04/2024 02:58;0
10/04/2024 02:59;0
10/04/2024 03:00;0
10/04/2024 03:01;0
10/04/2024 03:02;0
10/04/2024 03:03;0
10/04/2024 03:04;0
10/04/2024 03:05;0
10/04/2024 03:06;0
10/04/2024 03:07;0
10/04/2024 03:08;0
10/04/2024 03:09;0
10/04/2024 03:10;0
10/04/2024 03:11;0
10/04/2024 03:12;0
10/04/2024 03:13;0
10/04/2024 03:14;0
10/04/2024 03:15;0
10/04/2024 03:16;0
10/04/2024 03:17;0
10/04/2024 03:18;0
10/04/2024 03:19;0
10/04/2024 03:20;0
10/04/2024 03:21;0
10/04/2024 03:22;0
10/04/2024 03:23;0
10/04/2024 03:24;0
10/04/2024 03:25;0
10/04/2024 03:26;0
10/04/2024 03:27;0
10/04/2024 03:28;0
10/04/2024 03:29;0
10/04/2024 03:30;0
10/04/2024 03:31;0
10/04/2024 03:32;0
10/04/2024 03:33;0
10/04/2024 03:34;0
10/04/2024 03:35;0
10/04/2024 03:36;0
10/04/2024 03:37;0
10/04/2024 03:38;0
10/04/2024 03:39;0
10/04/2024 03:40;0
10/04/2024 03:41;0
10/04/2024 03:42;0
10/04/2024 03:47;0
10/04/2024 03:48;0
10/04/2024 03:49;0
10/04/2024 03:50;0
10/04/2024 03:51;0
10/04/2024 03:52;0
10/04/2024 03:53;0
10/04/2024 03:54;0
10/04/2024 03:55;0
10/04/2024 03:56;0
10/04/2024 03:57;0
10/04/2024 03:58;0
10/04/2024 03:59;0
10/04/2024 04:00;0
10/04/2024 04:01;0
10/04/2024 04:02;0
10/04/2024 04:03;0
10/04/2024 04:04;0
10/04/2024 04:05;0
10/04/2024 04:06;0
10/04/2024 04:07;0
10/04/2024 04:08;0
10/04/2024 04:09;0
10/04/2024 04:10;0
10/04/2024 04:11;0
10/04/2024 04:12;0
10/04/2024 04:13;0
10/04/2024 04:14;0
10/04/2024 04:15;0
10/04/2024 04:16;0
10/04/2024 04:17;0
10/04/2024 04:18;0
10/04/2024 04:19;0
10/04/2024 04:20;0
10/04/2024 04:21;0
10/04/2024 04:22;0
10/04/2024 04:23;0
10/04/2024 04:24;0
10/04/2024 04:25;0
10/04/2024 04:26;0
10/04/2024 04:27;0
10/04/2024 04:28;0
10/04/2024 04:29;0
10/04/2024 04:30;0
10/04/2024 04:31;0
10/04/2024 04:32;0
10/04/2024 04:33;0
10/04/2024 04:34;0
10/04/2024 04:35;0
10/04/2024 04:36;0
10/04/2024 04:37;0
10/04/2024 04:38;0
10/04/2024 04:39;0
10/04/2024 04:40;0
10/04/2024 04:41;0
10/04/2024 04:42;0
10/04/2024 04:43;0
10/04/2024 04:44;0
10/04/2024 04:45;0
10/04/2024 04:46;0
10/04/2024 04:47;0
10/04/2024 04:48;0
10/04/2024 04:49;0
10/04/2024 04:50;0
10/04/2024 04:51;0
10/04/2024 04:52;0
10/04/2024 04:53;0
10/04/2024 04:54;0
10/04/2024 04:55;0
10/04/2024 04:56;0
10/04/2024 04:57;0
10/04/2024 04:58;0
10/04/2024 04:59;0
10/04/2024 05:00;0
10/04/2024 05:01;0
10/04/2024 05:02;0
10/04/2024 05:03;0
10/04/2024 05:04;0
10/04/2024 05:05;0
10/04/2024 05:06;0
10/04/2024 05:07;0
10/04/2024 05:08;0
10/04/2024 05:09;0
10/04/2024 05:10;0
10/04/2024 05:11;0
10/04/2024 05:12;0
10/04/2024 05:13;0
10/04/2024 05:14;0
10/04/2024 05:15;0
10/04/2024 05:16;0
10/04/2024 05:17;0
10/04/2024 05:18;0
10/04/2024 05:19;0
10/04/2024 05:20;0
10/04/2024 05:21;0
10/04/2024 05:22;0
10/04/2024 05:23;0
10/04/2024 05:24;0
10/04/2024 05:25;0
10/04/2024 05:26;0
10/04/2024 05:27;0
10/04/2024 05:28;0
10/04/2024 05:29;0
10/04/2024 05:30;0
10/04/2024 05:31;0
10/04/2024 05:32;0
10/04/2024 05:33;0
10/04/2024 05:34;0
10/04/2024 05:35;0
10/04/2024 05:36;0
10/04/2024 05:37;0
10/04/2024 05:38;0
10/04/2024 05:39;0
10/04/2024 05:40;0
10/04/2024 05:41;0
10/04/2024 05:42;0
10/04/2024 05:43;0
10/04/2024 05:44;0
10/04/2024 05:45;0
10/04/2024 05:46;0
10/04/2024 05:47;0
10/04/2024 05:48;0
10/04/2024 05:49;0
10/04/2024 05:50;0
10/04/2024 05:51;0
10/04/2024 05:52;0
10/04/2024 05:53;0
10/04/2024 05:54;0
10/04/2024 05:55;0
10/04/2024 05:56;0
10/04/2024 05:57;0
10/04/2024 05:58;0
10/04/2024 05:59;0
10/04/2024 06:00;0
10/04/2024 06:01;0
10/04/2024 06:02;0
10/04/2024 06:03;0
10/04/2024 06:04;0
10/04/2024 06:05;0
10/04/2024 06:06;0
10/04/2024 06:07;0
10/04/2024 06:08;0
10/04/2024 06:09;0
10/04/2024 06:10;0
10/04/2024 06:11;0
10/04/2024 06:12;0
10/04/2024 06:13;0
10/04/2024 06:14;0
10/04/2024 06:15;0
10/04/2024 06:16;0
10/04/2024 06:17;0
10/04/2024 06:18;0
10/04/2024 06:19;0
10/04/2024 06:20;0
10/04/2024 06:21;0
10/04/2024 06:22;0
10/04/2024 06:23;0
10/04/2024 06:24;0
10/04/2024 06:25;0
10/04/2024 06:26;0
10/04/2024 06:27;0
10/04/2024 06:28;0
10/04/2024 06:29;0
10/04/2024 06:30;0
10/04/2024 06:31;0
10/04/2024 06:32;0
10/04/2024 06:33;0
10/04/2024 06:34;0
10/04/2024 06:35;0
10/04/2024 06:36;0
10/04/2024 06:37;0
10/04/2024 06:38;0
10/04/2024 06:39;0
10/04/2024 06:40;0
10/04/2024 06:41;0
10/04/2024 06:42;0
10/04/2024 06:43;0
10/04/2024 06:44;0
10/04/2024 06:45;0
10/04/2024 06:46;0
10/04/2024 06:47;0
10/04/2024 06:48;0
10/04/2024 06:49;0
10/04/2024 06:50;0
10/04/2024 06:51;0
10/04/2024 06:52;0
10/04/2024 06:53;0
10/04/2024 06:54;0
10/04/2024 06:55;0
10/04/2024 06:56;0
10/04/2024 06:57;0
10/04/2024 06:58;0
10/04/2024 06:59;0
10/04/2024 07:00;0
10/04/2024 07:01;0
10/04/2024 07:02;0
10/04/2024 07:03;0
10/04/2024 07:04;0
10/04/2024 07:05;0
10/04/2024 07:06;0
10/04/2024 07:07;0
10/04/2024 07:08;0
10/04/2024 07:09;0
10/04/2024 07:10;0
10/04/2024 07:11;0
10/04/2024 07:12;0
10/04/2024 07:13;0
10/04/2024 07:14;0
10/04/2024 07:15;0
10/04/2024 07:16;0
10/04/2024 07:17;0
10/04/2024 07:18;0
10/04/2024 07:19;0
10/04/2024 07:20;0
10/04/2024 07:21;0
10/04/2024 07:22;0
10/04/2024 07:23;0
10/04/2024 07:24;0
10/04/2024 07:25;0
10/04/2024 07:26;0
10/04/2024 07:27;0
10/04/2024 07:28;0
10/04/2024 07:29;0
10/04/2024 07:30;0
10/04/2024 07:31;0
10/04/2024 07:32;0
10/04/2024 07:33;0
10/04/2024 07:34;0
10/04/2024 07:35;0
10/04/2024 07:36;0
10/04/2024 07:37;0
10/04/2024 07:38;0
10/04/2024 07:39;0
10/04/2024 07:40;0
10/04/2024 07:41;0
10/04/2024 07:42;0
10/04/2024 07:43;0
10/04/2024 07:44;0
10/04/2024 07:45;0
10/04/2024 07:46;0
10/04/2024 07:47;0
10/04/2024 07:48;0
10/04/2024 07:49;0
10/04/2024 07:50;0
10/04/2024 07:51;0
10/04/2024 07:52;0
10/04/2024 07:53;0
10/04/2024 07:54;0
10/04/2024 07:55;0
10/04/2024 07:56;0
10/04/2024 07:57;0
10/04/2024 07:58;0
10/04/2024 07:59;0
10/04/2024 08:00;0
10/04/2024 08:01;0
10/04/2024 08:02;0
10/04/2024 08:03;0
10/04/2024 08:04;0
10/04/2024 08:05;0
10/04/2024 08:06;0
10/04/2024 08:07;0
10/04/2024 08:08;0
10/04/2024 08:09;0
10/04/2024 08:10;0
10/04/2024 08:11;0
10/04/2024 08:12;0
10/04/2024 08:13;25
10/04/2024 08:14;5
10/04/2024 08:15;75
10/04/2024 08:16;9
10/04/2024 08:17;75
10/04/2024 08:18;7999999523
10/04/2024 08:19;10
10/04/2024 08:20;115
10/04/2024 08:21;1299999905
10/04/2024 08:22;155
10/04/2024 08:23;19
10/04/2024 08:24;2149999809
10/04/2024 08:25;23
10/04/2024 08:26;24
10/04/2024 08:27;23
10/04/2024 08:28;255
10/04/2024 08:29;295
10/04/2024 08:30;3199999809
10/04/2024 08:31;36
10/04/2024 08:32;40
10/04/2024 08:33;44
10/04/2024 08:34;475
10/04/2024 08:35;4649999619
10/04/2024 08:36;4649999619
10/04/2024 08:37;46
10/04/2024 08:38;4499999619
10/04/2024 08:39;49
10/04/2024 08:40;53
10/04/2024 08:41;59
10/04/2024 08:42;655
10/04/2024 08:43;605
10/04/2024 08:44;705
10/04/2024 08:45;77
10/04/2024 08:46;845
10/04/2024 08:47;8949999237
10/04/2024 08:48;94
10/04/2024 08:49;9999999237
10/04/2024 08:50;92
10/04/2024 08:51;1119999924
10/04/2024 08:52;1189999924
10/04/2024 08:53;121
10/04/2024 08:54;1119999924
10/04/2024 08:55;9999999237
10/04/2024 08:56;925
10/04/2024 08:57;1105
10/04/2024 08:58;1384999847
10/04/2024 08:59;1614999847
10/04/2024 09:00;1719999847
10/04/2024 09:01;1785
10/04/2024 09:02;182
10/04/2024 09:03;181
10/04/2024 09:04;1779999847
10/04/2024 09:05;1754999847
10/04/2024 09:06;1754999847
10/04/2024 09:07;1795
10/04/2024 09:08;181
10/04/2024 09:09;182
10/04/2024 09:10;1779999847
10/04/2024 09:11;173
10/04/2024 09:12;169
10/04/2024 09:13;1695
10/04/2024 09:14;1779999847
10/04/2024 09:15;1925
10/04/2024 09:16;205
10/04/2024 09:17;2054999847
10/04/2024 09:18;199
10/04/2024 09:19;1885
10/04/2024 09:20;1785
10/04/2024 09:21;1795
10/04/2024 09:22;1869999847
10/04/2024 09:23;1915
10/04/2024 09:24;1915
10/04/2024 09:25;195
10/04/2024 09:26;1964999847
10/04/2024 09:27;1869999847
10/04/2024 09:28;1270000076
10/04/2024 09:29;199
10/04/2024 09:30;218
10/04/2024 09:31;257
10/04/2024 09:32;2785
10/04/2024 09:33;2705
10/04/2024 09:34;2514999847
10/04/2024 09:35;2435
10/04/2024 09:36;2514999847
10/04/2024 09:37;2755
10/04/2024 09:38;3015
10/04/2024 09:39;3065
10/04/2024 09:40;280
10/04/2024 09:41;2459999847
10/04/2024 09:42;217
10/04/2024 09:43;2015
10/04/2024 09:44;189
10/04/2024 09:45;1869999847
10/04/2024 09:46;1974999847
10/04/2024 09:47;227
10/04/2024 09:48;2654999695
10/04/2024 09:49;3005
10/04/2024 09:50;3005
10/04/2024 09:51;2935
10/04/2024 09:52;3024999695
10/04/2024 09:53;2859999695
10/04/2024 09:54;272
10/04/2024 09:55;2865
10/04/2024 09:56;3069999695
10/04/2024 09:57;3114999695
10/04/2024 09:58;2825
10/04/2024 09:59;241
10/04/2024 10:00;2095
10/04/2024 10:01;204
10/04/2024 10:02;2194999847
10/04/2024 10:03;2565
10/04/2024 10:04;3094999695
10/04/2024 10:05;3435
10/04/2024 10:06;350
10/04/2024 10:07;345
10/04/2024 10:08;357
10/04/2024 10:09;427
10/04/2024 10:10;376
10/04/2024 10:11;3515
10/04/2024 10:12;3005
10/04/2024 10:13;2375
10/04/2024 10:14;1834999847
10/04/2024 10:15;1639999847
10/04/2024 10:16;1719999847
10/04/2024 10:17;1915
10/04/2024 10:18;199
10/04/2024 10:19;203
10/04/2024 10:20;217
10/04/2024 10:21;2414999847
10/04/2024 10:22;2565
10/04/2024 10:23;2540000153
10/04/2024 10:24;2385
10/04/2024 10:25;2375
10/04/2024 10:26;273
10/04/2024 10:27;2744999695
10/04/2024 10:28;2875
10/04/2024 10:29;322
10/04/2024 10:30;377
10/04/2024 10:31;403
10/04/2024 10:32;403
10/04/2024 10:33;4055
10/04/2024 10:34;4315
10/04/2024 10:35;4635
10/04/2024 10:36;494
10/04/2024 10:37;538
10/04/2024 10:38;571
10/04/2024 10:39;615
10/04/2024 10:40;6425
10/04/2024 10:41;682999939
10/04/2024 10:42;715
10/04/2024 10:43;6915
10/04/2024 10:44;6415
10/04/2024 10:45;584
10/04/2024 10:46;548
10/04/2024 10:47;520
10/04/2024 10:48;5155
10/04/2024 10:49;5415
10/04/2024 10:50;603
10/04/2024 10:51;722499939
10/04/2024 10:52;815
10/04/2024 10:53;923999939
10/04/2024 10:54;9485
10/04/2024 10:55;9185
10/04/2024 10:56;868999939
10/04/2024 10:57;8265
10/04/2024 10:58;7775
10/04/2024 10:59;6325
10/04/2024 11:00;538
10/04/2024 11:01;498
10/04/2024 11:02;5029999695
10/04/2024 11:03;514499939
10/04/2024 11:04;504
10/04/2024 11:05;4694999695
10/04/2024 11:06;454
10/04/2024 11:07;4949999695
10/04/2024 11:08;557999939
10/04/2024 11:09;576
10/04/2024 11:10;552
10/04/2024 11:11;5084999695
10/04/2024 11:12;4825
10/04/2024 11:13;4504999695
10/04/2024 11:14;461
10/04/2024 11:15;4809999695
10/04/2024 11:16;553
10/04/2024 11:17;538
10/04/2024 11:18;484
10/04/2024 11:19;471
10/04/2024 11:20;4725
10/04/2024 11:21;470
10/04/2024 11:22;4809999695
10/04/2024 11:23;486
10/04/2024 11:24;4815
10/04/2024 11:25;4815
10/04/2024 11:26;4725
10/04/2024 11:27;4479999695
10/04/2024 11:28;4249999695
10/04/2024 11:29;4479999695
10/04/2024 11:30;480
10/04/2024 11:31;527
10/04/2024 11:32;5495
10/04/2024 11:33;5825
10/04/2024 11:34;644
10/04/2024 11:35;723499939
10/04/2024 11:36;7985
10/04/2024 11:37;8355
10/04/2024 11:38;8735
10/04/2024 11:39;870
10/04/2024 11:40;8555
10/04/2024 11:41;904499939
10/04/2024 11:42;921499939
10/04/2024 11:43;9325
10/04/2024 11:44;9485
10/04/2024 11:45;982
10/04/2024 11:46;1064
10/04/2024 11:47;11225
10/04/2024 11:48;11575
10/04/2024 11:49;1160
10/04/2024 11:50;1127
10/04/2024 11:51;11035
10/04/2024 11:52;10955
10/04/2024 11:53;960999939
10/04/2024 11:54;9165
10/04/2024 11:55;9675
10/04/2024 11:56;921
10/04/2024 11:57;1016000061
10/04/2024 11:58;1163999878
10/04/2024 11:59;1268999878
10/04/2024 12:00;14625
10/04/2024 12:01;16005
10/04/2024 12:02;1379499878
10/04/2024 12:03;1979
10/04/2024 12:04;18555
10/04/2024 12:05;1531
10/04/2024 12:06;1418
10/04/2024 12:07;1689
10/04/2024 12:08;1754
10/04/2024 12:09;2011999878
10/04/2024 12:10;1991499878
10/04/2024 12:11;1622999878
10/04/2024 12:12;17935
10/04/2024 12:13;1939999878
10/04/2024 12:14;18835
10/04/2024 12:15;1630
10/04/2024 12:16;1849999878
10/04/2024 12:17;1726
10/04/2024 12:18;1777
10/04/2024 12:19;1395999878
10/04/2024 12:20;1355
10/04/2024 12:21;14015
10/04/2024 12:22;14295
10/04/2024 12:23;1587
10/04/2024 12:24;1645
10/04/2024 12:25;1472
10/04/2024 12:26;1451
10/04/2024 12:27;1573
10/04/2024 12:28;1599999878
10/04/2024 12:29;1410499878
10/04/2024 12:30;1433
10/04/2024 12:31;15055
10/04/2024 12:32;1627999878
10/04/2024 12:33;1573499878
10/04/2024 12:34;1671999878
10/04/2024 12:35;16745
10/04/2024 12:36;1699
10/04/2024 12:37;2076
10/04/2024 12:38;1736499878
10/04/2024 12:39;1810499878
10/04/2024 12:40;1744
10/04/2024 12:41;1650
10/04/2024 12:42;15295
10/04/2024 12:43;1591499878
10/04/2024 12:44;1596
10/04/2024 12:45;15875
10/04/2024 12:46;1494
10/04/2024 12:47;1767
10/04/2024 12:48;1666999878
10/04/2024 12:49;1560499878
10/04/2024 12:50;1415
10/04/2024 12:51;1308499878
10/04/2024 12:52;1169
10/04/2024 12:53;1287
10/04/2024 12:54;1383
10/04/2024 12:55;1676999878
10/04/2024 12:56;17965
10/04/2024 12:57;1785
10/04/2024 12:58;1798999878
10/04/2024 12:59;1928999878
10/04/2024 13:00;19015
10/04/2024 13:01;2225999756
10/04/2024 13:02;23715
10/04/2024 13:03;24445
10/04/2024 13:04;2379999756
10/04/2024 13:05;2182999756
10/04/2024 13:06;20335
10/04/2024 13:07;1915499878
10/04/2024 13:08;20225
10/04/2024 13:09;1908999878
10/04/2024 13:10;2017499878
10/04/2024 13:11;19925
10/04/2024 13:12;17505
10/04/2024 13:13;18555
10/04/2024 13:14;2097
10/04/2024 13:15;2020999878
10/04/2024 13:16;2043
10/04/2024 13:17;2316
10/04/2024 13:18;2121
10/04/2024 13:19;19655
10/04/2024 13:20;1854499878
10/04/2024 13:21;2043999878
10/04/2024 13:22;26575
10/04/2024 13:23;2047999878
10/04/2024 13:24;2438
10/04/2024 13:25;21825
10/04/2024 13:26;2411
10/04/2024 13:27;2573
10/04/2024 13:28;1999499878
10/04/2024 13:29;17375
10/04/2024 13:30;1740999878
10/04/2024 13:31;2106999756
10/04/2024 13:32;23455
10/04/2024 13:33;22675
10/04/2024 13:34;2166
10/04/2024 13:35;20595
10/04/2024 13:36;1989999878
10/04/2024 13:37;20555
10/04/2024 13:38;2185
10/04/2024 13:39;2106
10/04/2024 13:40;24685
10/04/2024 13:41;2316
10/04/2024 13:42;2315
10/04/2024 13:43;1309
10/04/2024 13:44;1331
10/04/2024 13:45;14695
10/04/2024 13:46;1476
10/04/2024 13:47;18815
10/04/2024 13:48;2057999756
10/04/2024 13:49;19465
10/04/2024 13:50;1994
10/04/2024 13:51;2013
10/04/2024 13:52;1999499878
10/04/2024 13:53;19545
10/04/2024 13:54;12245
10/04/2024 13:55;2098
10/04/2024 13:56;1987999878
10/04/2024 13:57;2044999878
10/04/2024 13:58;2176499756
10/04/2024 13:59;2131
10/04/2024 14:00;2116
10/04/2024 14:01;20695
10/04/2024 14:02;2017
10/04/2024 14:03;2004499878
10/04/2024 14:04;1129499878
10/04/2024 14:05;1800
10/04/2024 14:06;21965
10/04/2024 14:07;21375
10/04/2024 14:08;11135
10/04/2024 14:09;1981499878
10/04/2024 14:10;1681
10/04/2024 14:11;1518999878
10/04/2024 14:12;1616499878
10/04/2024 14:13;1423999878
10/04/2024 14:14;16155
10/04/2024 14:15;1889
10/04/2024 14:16;1757999878
10/04/2024 14:17;15435
10/04/2024 14:18;17245
10/04/2024 14:19;1844999878
10/04/2024 14:20;18375
10/04/2024 14:21;1788999878
10/04/2024 14:22;1696
10/04/2024 14:23;15645
10/04/2024 14:24;1541999878
10/04/2024 14:25;1428499878
10/04/2024 14:26;1380999878
10/04/2024 14:27;1319999878
10/04/2024 14:28;1268999878
10/04/2024 14:29;1245999878
10/04/2024 14:30;1242
10/04/2024 14:31;12765
10/04/2024 14:32;1250
10/04/2024 14:33;12435
10/04/2024 14:34;1209
10/04/2024 14:35;11895
10/04/2024 14:36;1155
10/04/2024 14:37;1133
10/04/2024 14:38;11435
10/04/2024 14:39;1119
10/04/2024 14:40;1438499878
10/04/2024 14:41;15295
10/04/2024 14:42;16745
10/04/2024 14:43;17965
10/04/2024 14:44;1704999878
10/04/2024 14:45;1625999878
10/04/2024 14:46;17195
10/04/2024 14:47;1721
10/04/2024 14:48;12985
10/04/2024 14:49;12945
10/04/2024 14:50;1563
10/04/2024 14:51;1639
10/04/2024 14:52;1706999878
10/04/2024 14:53;1726
10/04/2024 14:54;1653
10/04/2024 14:55;15975
10/04/2024 14:56;1560
10/04/2024 14:57;1620999878
10/04/2024 14:58;1652499878
10/04/2024 14:59;1668
10/04/2024 15:00;15825
10/04/2024 15:01;16745
10/04/2024 15:02;1582
10/04/2024 15:03;1645999878
10/04/2024 15:04;1561999878
10/04/2024 15:05;16155
10/04/2024 15:06;17015
10/04/2024 15:07;1612
10/04/2024 15:08;15525
10/04/2024 15:09;1571999878
10/04/2024 15:10;1582
10/04/2024 15:11;1550
10/04/2024 15:12;15395
10/04/2024 15:13;1591
10/04/2024 15:14;14785
10/04/2024 15:15;1423
10/04/2024 15:16;1319999878
10/04/2024 15:17;13025
10/04/2024 15:18;1387499878
10/04/2024 15:19;13535
10/04/2024 15:20;1306
10/04/2024 15:21;1272
10/04/2024 15:22;1211
10/04/2024 15:23;1173
10/04/2024 15:24;11165
10/04/2024 15:25;1073
10/04/2024 15:26;1030499878
10/04/2024 15:27;10275
10/04/2024 15:28;10315
10/04/2024 15:29;1038999878
10/04/2024 15:30;10365
10/04/2024 15:31;1033
10/04/2024 15:32;1023
10/04/2024 15:33;10255
10/04/2024 15:34;1056
10/04/2024 15:35;10795
10/04/2024 15:36;1109
10/04/2024 15:37;1115
10/04/2024 15:38;11175
10/04/2024 15:39;11215
10/04/2024 15:40;1081499878
10/04/2024 15:41;1102
10/04/2024 15:42;1309
10/04/2024 15:43;1282
10/04/2024 15:44;1247
10/04/2024 15:45;12765
10/04/2024 15:46;1240999878
10/04/2024 15:47;12925
10/04/2024 15:48;12405
10/04/2024 15:49;1129
10/04/2024 15:50;10615
10/04/2024 15:51;10165
10/04/2024 15:52;10165
10/04/2024 15:53;10095
10/04/2024 15:54;1017499939
10/04/2024 15:55;10255
10/04/2024 15:56;10265
10/04/2024 15:57;1020499939
10/04/2024 15:58;1025
10/04/2024 15:59;1058499878
10/04/2024 16:00;11455
10/04/2024 16:01;1250
10/04/2024 16:02;1282
10/04/2024 16:03;14555
10/04/2024 16:04;1405
10/04/2024 16:05;1408
10/04/2024 16:06;13985
10/04/2024 16:07;1349
10/04/2024 16:08;12125
10/04/2024 16:09;11585
10/04/2024 16:10;1249499878
10/04/2024 16:11;1262499878
10/04/2024 16:12;1318
10/04/2024 16:13;1481
10/04/2024 16:14;1553
10/04/2024 16:15;1446
10/04/2024 16:16;1436
10/04/2024 16:17;14295
10/04/2024 16:18;1418999878
10/04/2024 16:19;14215
10/04/2024 16:20;1390
10/04/2024 16:21;1387499878
10/04/2024 16:22;1310
10/04/2024 16:23;12765
10/04/2024 16:24;1202
10/04/2024 16:25;11815
10/04/2024 16:26;1147499878
10/04/2024 16:27;10905
10/04/2024 16:28;1104499878
10/04/2024 16:29;898499939
10/04/2024 16:30;839
10/04/2024 16:31;8145
10/04/2024 16:32;7775
10/04/2024 16:33;7535
10/04/2024 16:34;738999939
10/04/2024 16:35;715999939
10/04/2024 16:36;683999939
10/04/2024 16:37;639
10/04/2024 16:38;585
10/04/2024 16:39;5365
10/04/2024 16:40;520999939
10/04/2024 16:41;530999939
10/04/2024 16:42;537499939
10/04/2024 16:43;542499939
10/04/2024 16:44;5505
10/04/2024 16:45;5675
10/04/2024 16:46;585
10/04/2024 16:47;607
10/04/2024 16:48;625
10/04/2024 16:49;644
10/04/2024 16:50;662499939
10/04/2024 16:51;6875
10/04/2024 16:52;7105
10/04/2024 16:53;729
10/04/2024 16:54;732499939
10/04/2024 16:55;7315
10/04/2024 16:56;722499939
10/04/2024 16:57;699499939
10/04/2024 16:58;676499939
10/04/2024 16:59;643
10/04/2024 17:00;6195
10/04/2024 17:01;6015
10/04/2024 17:02;5915
10/04/2024 17:03;602
10/04/2024 17:04;611
10/04/2024 17:05;624
10/04/2024 17:06;6555
10/04/2024 17:07;699
10/04/2024 17:08;750499939
10/04/2024 17:09;7715
10/04/2024 17:10;770
10/04/2024 17:11;7675
10/04/2024 17:12;766999939
10/04/2024 17:13;798
10/04/2024 17:14;8085
10/04/2024 17:15;850999939
10/04/2024 17:16;838
10/04/2024 17:17;8545
10/04/2024 17:18;8315
10/04/2024 17:19;8495
10/04/2024 17:20;917499939
10/04/2024 17:21;954499939
10/04/2024 17:22;968499939
10/04/2024 17:23;949499939
10/04/2024 17:24;907499939
10/04/2024 17:25;871
10/04/2024 17:26;821
10/04/2024 17:27;7945
10/04/2024 17:28;779
10/04/2024 17:29;770999939
10/04/2024 17:30;7545
10/04/2024 17:31;734999939
10/04/2024 17:32;7125
10/04/2024 17:33;686499939
10/04/2024 17:34;6405
10/04/2024 17:35;6285
10/04/2024 17:36;634
10/04/2024 17:37;603
10/04/2024 17:38;5685
10/04/2024 17:39;551499939
10/04/2024 17:40;5415
10/04/2024 17:41;548999939
10/04/2024 17:42;553
10/04/2024 17:43;5635
10/04/2024 17:44;5785
10/04/2024 17:45;5725
10/04/2024 17:46;5545
10/04/2024 17:47;5405
10/04/2024 17:48;530
10/04/2024 17:49;530
10/04/2024 17:50;534
10/04/2024 17:51;529
10/04/2024 17:52;5094999695
10/04/2024 17:53;5015
10/04/2024 17:54;5065
10/04/2024 17:55;4989999695
10/04/2024 17:56;493
10/04/2024 17:57;4904999695
10/04/2024 17:58;504
10/04/2024 17:59;504
10/04/2024 18:00;5119999695
10/04/2024 18:01;5405
10/04/2024 18:02;553999939
10/04/2024 18:03;556
10/04/2024 18:04;548
10/04/2024 18:05;543
10/04/2024 18:06;5405
10/04/2024 18:07;552
10/04/2024 18:08;5545
10/04/2024 18:09;551499939
10/04/2024 18:10;542499939
10/04/2024 18:11;5275
10/04/2024 18:12;5119999695
10/04/2024 18:13;4924999695
10/04/2024 18:14;4759999695
10/04/2024 18:15;4595
10/04/2024 18:16;4475
10/04/2024 18:17;440
10/04/2024 18:18;4364999695
10/04/2024 18:19;435
10/04/2024 18:20;4335
10/04/2024 18:21;4299999695
10/04/2024 18:22;422
10/04/2024 18:23;4145
10/04/2024 18:24;4109999695
10/04/2024 18:25;413
10/04/2024 18:26;4145
10/04/2024 18:27;4155
10/04/2024 18:28;4055
10/04/2024 18:29;3865
10/04/2024 18:30;376
10/04/2024 18:31;3685
10/04/2024 18:32;366
10/04/2024 18:33;368
10/04/2024 18:34;371
10/04/2024 18:35;3744999695
10/04/2024 18:36;377
10/04/2024 18:37;3785
10/04/2024 18:38;3785
10/04/2024 18:39;377
10/04/2024 18:40;3725
10/04/2024 18:41;375
10/04/2024 18:42;371
10/04/2024 18:43;354
10/04/2024 18:44;3475
10/04/2024 18:45;3489999695
10/04/2024 18:46;341
10/04/2024 18:47;3335
10/04/2024 18:48;3105
10/04/2024 18:49;3024999695
10/04/2024 18:50;303
10/04/2024 18:51;2974999695
10/04/2024 18:52;2925
10/04/2024 18:53;2875
10/04/2024 18:54;2825
10/04/2024 18:55;2769999695
10/04/2024 18:56;271
10/04/2024 18:57;2654999695
10/04/2024 18:58;2604999695
10/04/2024 18:59;255
10/04/2024 19:00;248
10/04/2024 19:01;2424999847
10/04/2024 19:02;2369999847
10/04/2024 19:03;232
10/04/2024 19:04;2274999847
10/04/2024 19:05;226
10/04/2024 19:06;2235
10/04/2024 19:07;2219999847
10/04/2024 19:08;221
10/04/2024 19:09;2219999847
10/04/2024 19:10;2219999847
10/04/2024 19:11;2194999847
10/04/2024 19:12;217
10/04/2024 19:13;2145
10/04/2024 19:14;213
10/04/2024 19:15;2105
10/04/2024 19:16;2075
10/04/2024 19:17;2015
10/04/2024 19:18;1974999847
10/04/2024 19:19;78
10/04/2024 19:20;190
10/04/2024 19:21;1869999847
10/04/2024 19:22;1824999847
10/04/2024 19:23;1799999847
10/04/2024 19:24;176
10/04/2024 19:25;173
10/04/2024 19:26;1719999847
10/04/2024 19:27;169
10/04/2024 19:28;1655
10/04/2024 19:29;1639999847
10/04/2024 19:30;162
10/04/2024 19:31;1614999847
10/04/2024 19:32;159
10/04/2024 19:33;1565
10/04/2024 19:34;1515
10/04/2024 19:35;1464999847
10/04/2024 19:36;141
10/04/2024 19:37;137
10/04/2024 19:38;110
10/04/2024 19:39;131
10/04/2024 19:40;1285
10/04/2024 19:41;126
10/04/2024 19:42;1245
10/04/2024 19:43;1229999924
10/04/2024 19:44;121
10/04/2024 19:45;1205
10/04/2024 19:46;1189999924
10/04/2024 19:47;1154999924
10/04/2024 19:48;1119999924
10/04/2024 19:49;109
10/04/2024 19:50;1039999924
10/04/2024 19:51;9999999237
10/04/2024 19:52;96
10/04/2024 19:53;92
10/04/2024 19:54;885
10/04/2024 19:55;85
10/04/2024 19:56;8199999237
10/04/2024 19:57;78
10/04/2024 19:58;735
10/04/2024 19:59;695
10/04/2024 20:00;645
10/04/2024 20:01;625
10/04/2024 20:02;5749999619
10/04/2024 20:03;425
10/04/2024 20:04;4099999619
10/04/2024 20:05;4849999619
10/04/2024 20:06;4849999619
10/04/2024 20:07;40
10/04/2024 20:08;395
10/04/2024 20:09;4999999619
10/04/2024 20:10;4999999619
10/04/2024 20:11;49
10/04/2024 20:12;475
10/04/2024 20:13;395
10/04/2024 20:14;4499999619
10/04/2024 20:15;4099999619
10/04/2024 20:16;395
10/04/2024 20:17;3749999619
10/04/2024 20:18;35
10/04/2024 20:19;33
10/04/2024 20:20;3049999809
10/04/2024 20:21;2799999809
10/04/2024 20:22;255
10/04/2024 20:23;23
10/04/2024 20:24;2149999809
10/04/2024 20:25;2049999809
10/04/2024 20:26;19
10/04/2024 20:27;18
10/04/2024 20:28;165
10/04/2024 20:29;155
10/04/2024 20:30;145
10/04/2024 20:31;1249999905
10/04/2024 20:32;10
10/04/2024 20:33;7999999523
10/04/2024 20:34;55
10/04/2024 20:35;3999999762
10/04/2024 20:36;25
10/04/2024 20:37;99999994
10/04/2024 20:38;0
10/04/2024 20:39;0
10/04/2024 20:40;0
10/04/2024 20:41;0
10/04/2024 20:42;0
10/04/2024 20:43;0
10/04/2024 20:44;0
10/04/2024 20:45;0
10/04/2024 20:46;0
10/04/2024 20:47;0
10/04/2024 20:48;0
10/04/2024 20:49;0
10/04/2024 20:50;0
10/04/2024 20:51;0
10/04/2024 20:52;0
10/04/2024 20:53;0
10/04/2024 20:54;0
10/04/2024 20:55;0
10/04/2024 20:56;0
10/04/2024 20:57;0
10/04/2024 20:58;0
10/04/2024 20:59;0
10/04/2024 21:00;0
10/04/2024 21:01;0
10/04/2024 21:02;0
10/04/2024 21:03;0
10/04/2024 21:04;0
10/04/2024 21:05;0
10/04/2024 21:06;0
10/04/2024 21:07;0
10/04/2024 21:08;0
10/04/2024 21:09;0
10/04/2024 21:10;0
10/04/2024 21:11;0
10/04/2024 21:12;0
10/04/2024 21:13;0
10/04/2024 21:14;0
10/04/2024 21:15;0
10/04/2024 21:16;0
10/04/2024 21:17;0
10/04/2024 21:18;0
10/04/2024 21:19;0
10/04/2024 21:20;0
10/04/2024 21:21;0
10/04/2024 21:22;0
10/04/2024 21:23;0
10/04/2024 21:24;0
10/04/2024 21:25;0
10/04/2024 21:26;0
10/04/2024 21:27;0
10/04/2024 21:28;0
10/04/2024 21:29;0
10/04/2024 21:30;0
10/04/2024 21:31;0
10/04/2024 21:32;0
10/04/2024 21:33;0
10/04/2024 21:34;0
10/04/2024 21:35;0
10/04/2024 21:36;0
10/04/2024 21:37;0
10/04/2024 21:38;0
10/04/2024 21:39;0
10/04/2024 21:40;0
10/04/2024 21:41;0
10/04/2024 21:42;0
10/04/2024 21:43;0
10/04/2024 21:44;0
10/04/2024 21:45;0
10/04/2024 21:46;0
10/04/2024 21:47;0
10/04/2024 21:48;0
10/04/2024 21:49;0
10/04/2024 21:50;0
10/04/2024 21:51;0
10/04/2024 21:52;0
10/04/2024 21:53;0
10/04/2024 21:54;0
10/04/2024 21:55;0
10/04/2024 21:56;0
10/04/2024 21:57;0
10/04/2024 21:58;0
10/04/2024 21:59;0
10/04/2024 22:00;0
10/04/2024 22:01;0
10/04/2024 22:02;0
10/04/2024 22:03;0
10/04/2024 22:04;0
10/04/2024 22:05;0
10/04/2024 22:06;0
10/04/2024 22:07;0
10/04/2024 22:08;0
10/04/2024 22:09;0
10/04/2024 22:10;0
10/04/2024 22:11;0
10/04/2024 22:12;0
10/04/2024 22:13;0
10/04/2024 22:14;0
10/04/2024 22:15;0
10/04/2024 22:16;0
10/04/2024 22:17;0
10/04/2024 22:18;0
10/04/2024 22:19;0
10/04/2024 22:20;0
10/04/2024 22:21;0
10/04/2024 22:22;0
10/04/2024 22:23;0
10/04/2024 22:24;0
10/04/2024 22:25;0
10/04/2024 22:26;0
10/04/2024 22:27;0
10/04/2024 22:28;0
10/04/2024 22:29;0
10/04/2024 22:30;0
10/04/2024 22:31;0
10/04/2024 22:32;0
10/04/2024 22:33;0
10/04/2024 22:34;0
10/04/2024 22:35;0
10/04/2024 22:36;0
10/04/2024 22:37;0
10/04/2024 22:38;0
10/04/2024 22:39;0
10/04/2024 22:40;0
10/04/2024 22:41;0
10/04/2024 22:42;0
10/04/2024 22:43;0
10/04/2024 22:44;0
10/04/2024 22:45;0
10/04/2024 22:46;0
10/04/2024 22:47;0
10/04/2024 22:48;0
10/04/2024 22:49;0
10/04/2024 22:50;0
10/04/2024 22:51;0
10/04/2024 22:52;0
10/04/2024 22:53;0
10/04/2024 22:54;0
10/04/2024 22:55;0
10/04/2024 22:56;0
10/04/2024 22:57;0
10/04/2024 22:58;0
10/04/2024 22:59;0
10/04/2024 23:00;0
10/04/2024 23:01;0
10/04/2024 23:02;0
10/04/2024 23:03;0
10/04/2024 23:04;0
10/04/2024 23:05;0
10/04/2024 23:06;0
10/04/2024 23:07;0
10/04/2024 23:08;0
10/04/2024 23:09;0
10/04/2024 23:10;0
10/04/2024 23:11;0
10/04/2024 23:12;0
10/04/2024 23:13;0
10/04/2024 23:14;0
10/04/2024 23:15;0
10/04/2024 23:16;0
10/04/2024 23:17;0
10/04/2024 23:18;0
10/04/2024 23:19;0
10/04/2024 23:20;0
10/04/2024 23:21;0
10/04/2024 23:22;0
10/04/2024 23:23;0
10/04/2024 23:24;0
10/04/2024 23:25;0
10/04/2024 23:26;0
10/04/2024 23:27;0
10/04/2024 23:28;0
10/04/2024 23:29;0
10/04/2024 23:30;0
10/04/2024 23:31;0
10/04/2024 23:32;0
10/04/2024 23:33;0
10/04/2024 23:34;0
10/04/2024 23:35;0
10/04/2024 23:36;0
10/04/2024 23:37;0
10/04/2024 23:38;0
10/04/2024 23:39;0
10/04/2024 23:40;0
10/04/2024 23:41;0
10/04/2024 23:42;0
10/04/2024 23:43;0
10/04/2024 23:44;0
10/04/2024 23:45;0
10/04/2024 23:46;0
10/04/2024 23:47;0
10/04/2024 23:48;0
10/04/2024 23:49;0
10/04/2024 23:50;0
10/04/2024 23:51;0
10/04/2024 23:52;0
10/04/2024 23:53;0
10/04/2024 23:54;0
10/04/2024 23:55;0
10/04/2024 23:56;0
10/04/2024 23:57;0
10/04/2024 23:58;0
10/04/2024 23:59;0
11/04/2024 00:00;0
11/04/2024 00:01;0
11/04/2024 00:02;0
11/04/2024 00:03;0
11/04/2024 00:04;0
11/04/2024 00:05;0
11/04/2024 00:06;0
11/04/2024 00:07;0
11/04/2024 00:08;0
11/04/2024 00:09;0
11/04/2024 00:10;0
11/04/2024 00:11;0
11/04/2024 00:12;0
11/04/2024 00:13;0
11/04/2024 00:14;0
11/04/2024 00:15;0
11/04/2024 00:16;0
11/04/2024 00:17;0
11/04/2024 00:18;0
11/04/2024 00:19;0
11/04/2024 00:20;0
11/04/2024 00:21;0
11/04/2024 00:22;0
11/04/2024 00:23;0
11/04/2024 00:24;0
11/04/2024 00:25;0
11/04/2024 00:26;0
11/04/2024 00:27;0
11/04/2024 00:28;0
11/04/2024 00:29;0
11/04/2024 00:30;0
11/04/2024 00:31;0
11/04/2024 00:32;0
11/04/2024 00:33;0
11/04/2024 00:34;0
11/04/2024 00:35;0
11/04/2024 00:36;0
11/04/2024 00:37;0
11/04/2024 00:38;0
11/04/2024 00:39;0
11/04/2024 00:40;0
11/04/2024 00:41;0
11/04/2024 00:42;0
11/04/2024 00:43;0
11/04/2024 00:44;0
11/04/2024 00:45;0
11/04/2024 00:46;0
11/04/2024 00:47;0
11/04/2024 00:48;0
11/04/2024 00:49;0
11/04/2024 00:50;0
11/04/2024 00:51;0
11/04/2024 00:52;0
11/04/2024 00:53;0
11/04/2024 00:54;0
11/04/2024 00:55;0
11/04/2024 00:56;0
11/04/2024 00:57;0
11/04/2024 00:58;0
11/04/2024 00:59;0
11/04/2024 01:00;0
11/04/2024 01:01;0
11/04/2024 01:02;0
11/04/2024 01:03;0
11/04/2024 01:04;0
11/04/2024 01:05;0
11/04/2024 01:06;0
11/04/2024 01:07;0
11/04/2024 01:08;0
11/04/2024 01:09;0
11/04/2024 01:10;0
11/04/2024 01:11;0
11/04/2024 01:12;0
11/04/2024 01:13;0
11/04/2024 01:14;0
11/04/2024 01:15;0
11/04/2024 01:16;0
11/04/2024 01:17;0
11/04/2024 01:18;0
11/04/2024 01:19;0
11/04/2024 01:20;0
11/04/2024 01:21;0
11/04/2024 01:22;0
11/04/2024 01:23;0
11/04/2024 01:24;0
11/04/2024 01:25;0
11/04/2024 01:26;0
11/04/2024 01:27;0
11/04/2024 01:28;0
11/04/2024 01:29;0
11/04/2024 01:30;0
11/04/2024 01:31;0
11/04/2024 01:32;0
11/04/2024 01:33;0
11/04/2024 01:34;0
11/04/2024 01:35;0
11/04/2024 01:36;0
11/04/2024 01:37;0
11/04/2024 01:38;0
11/04/2024 01:39;0
11/04/2024 01:40;0
11/04/2024 01:41;0
11/04/2024 01:42;0
11/04/2024 01:43;0
11/04/2024 01:44;0
11/04/2024 01:45;0
11/04/2024 01:46;0
11/04/2024 01:47;0
11/04/2024 01:48;0
11/04/2024 01:49;0
11/04/2024 01:50;0
11/04/2024 01:51;0
11/04/2024 01:52;0
11/04/2024 01:53;0
11/04/2024 01:54;0
11/04/2024 01:55;0
11/04/2024 01:56;0
11/04/2024 01:57;0
11/04/2024 01:58;0
11/04/2024 01:59;0
11/04/2024 02:00;0
11/04/2024 02:01;0
11/04/2024 02:02;0
11/04/2024 02:03;0
11/04/2024 02:04;0
11/04/2024 02:05;0
11/04/2024 02:06;0
11/04/2024 02:07;0
11/04/2024 02:08;0
11/04/2024 02:09;0
11/04/2024 02:10;0
11/04/2024 02:11;0
11/04/2024 02:12;0
11/04/2024 02:13;0
11/04/2024 02:14;0
11/04/2024 02:15;0
11/04/2024 02:16;0
11/04/2024 02:17;0
11/04/2024 02:18;0
11/04/2024 02:19;0
11/04/2024 02:20;0
11/04/2024 02:21;0
11/04/2024 02:22;0
11/04/2024 02:23;0
11/04/2024 02:24;0
11/04/2024 02:25;0
11/04/2024 02:26;0
11/04/2024 02:27;0
11/04/2024 02:28;0
11/04/2024 02:29;0
11/04/2024 02:30;0
11/04/2024 02:31;0
11/04/2024 02:32;0
11/04/2024 02:33;0
11/04/2024 02:34;0
11/04/2024 02:35;0
11/04/2024 02:36;0
11/04/2024 02:37;0
11/04/2024 02:38;0
11/04/2024 02:39;0
11/04/2024 02:40;0
11/04/2024 02:41;0
11/04/2024 02:42;0
11/04/2024 02:43;0
11/04/2024 02:44;0
11/04/2024 02:45;0
11/04/2024 02:46;0
11/04/2024 02:47;0
11/04/2024 02:48;0
11/04/2024 02:49;0
11/04/2024 02:50;0
11/04/2024 02:51;0
11/04/2024 02:52;0
11/04/2024 02:53;0
11/04/2024 02:54;0
11/04/2024 02:55;0
11/04/2024 02:56;0
11/04/2024 02:57;0
11/04/2024 02:58;0
11/04/2024 02:59;0
11/04/2024 03:00;0
11/04/2024 03:01;0
11/04/2024 03:02;0
11/04/2024 03:03;0
11/04/2024 03:04;0
11/04/2024 03:05;0
11/04/2024 03:06;0
11/04/2024 03:07;0
11/04/2024 03:08;0
11/04/2024 03:09;0
11/04/2024 03:10;0
11/04/2024 03:11;0
11/04/2024 03:12;0
11/04/2024 03:13;0
11/04/2024 03:14;0
11/04/2024 03:15;0
11/04/2024 03:16;0
11/04/2024 03:17;0
11/04/2024 03:18;0
11/04/2024 03:19;0
11/04/2024 03:20;0
11/04/2024 03:21;0
11/04/2024 03:22;0
11/04/2024 03:23;0
11/04/2024 03:24;0
11/04/2024 03:25;0
11/04/2024 03:26;0
11/04/2024 03:27;0
11/04/2024 03:28;0
11/04/2024 03:29;0
11/04/2024 03:30;0
11/04/2024 03:31;0
11/04/2024 03:32;0
11/04/2024 03:33;0
11/04/2024 03:34;0
11/04/2024 03:35;0
11/04/2024 03:36;0
11/04/2024 03:37;0
11/04/2024 03:38;0
11/04/2024 03:39;0
11/04/2024 03:40;0
11/04/2024 03:41;0
11/04/2024 03:42;0
11/04/2024 03:43;0
11/04/2024 03:44;0
11/04/2024 03:45;0
11/04/2024 03:46;0
11/04/2024 03:47;0
11/04/2024 03:48;0
11/04/2024 03:49;0
11/04/2024 03:50;0
11/04/2024 03:51;0
11/04/2024 03:52;0
11/04/2024 03:53;0
11/04/2024 03:57;0
11/04/2024 03:58;0
11/04/2024 03:59;0
11/04/2024 04:00;0
11/04/2024 04:01;0
11/04/2024 04:02;0
11/04/2024 04:03;0
11/04/2024 04:04;0
11/04/2024 04:05;0
11/04/2024 04:06;0
11/04/2024 04:07;0
11/04/2024 04:08;0
11/04/2024 04:09;0
11/04/2024 04:10;0
11/04/2024 04:11;0
11/04/2024 04:12;0
11/04/2024 04:13;0
11/04/2024 04:14;0
11/04/2024 04:15;0
11/04/2024 04:16;0
11/04/2024 04:17;0
11/04/2024 04:18;0
11/04/2024 04:19;0
11/04/2024 04:20;0
11/04/2024 04:21;0
11/04/2024 04:22;0
11/04/2024 04:23;0
11/04/2024 04:24;0
11/04/2024 04:25;0
11/04/2024 04:26;0
11/04/2024 04:27;0
11/04/2024 04:28;0
11/04/2024 04:29;0
11/04/2024 04:30;0
11/04/2024 04:31;0
11/04/2024 04:32;0
11/04/2024 04:33;0
11/04/2024 04:34;0
11/04/2024 04:35;0
11/04/2024 04:36;0
11/04/2024 04:37;0
11/04/2024 04:38;0
11/04/2024 04:39;0
11/04/2024 04:40;0
11/04/2024 04:41;0
11/04/2024 04:42;0
11/04/2024 04:43;0
11/04/2024 04:44;0
11/04/2024 04:45;0
11/04/2024 04:46;0
11/04/2024 04:47;0
11/04/2024 04:48;0
11/04/2024 04:49;0
11/04/2024 04:50;0
11/04/2024 04:51;0
11/04/2024 04:52;0
11/04/2024 04:53;0
11/04/2024 04:54;0
11/04/2024 04:55;0
11/04/2024 04:56;0
11/04/2024 04:57;0
11/04/2024 04:58;0
11/04/2024 04:59;0
11/04/2024 05:00;0
11/04/2024 05:01;0
11/04/2024 05:02;0
11/04/2024 05:03;0
11/04/2024 05:04;0
11/04/2024 05:05;0
11/04/2024 05:06;0
11/04/2024 05:07;0
11/04/2024 05:08;0
11/04/2024 05:09;0
11/04/2024 05:10;0
11/04/2024 05:11;0
11/04/2024 05:12;0
11/04/2024 05:13;0
11/04/2024 05:14;0
11/04/2024 05:15;0
11/04/2024 05:16;0
11/04/2024 05:17;0
11/04/2024 05:18;0
11/04/2024 05:19;0
11/04/2024 05:20;0
11/04/2024 05:21;0
11/04/2024 05:22;0
11/04/2024 05:23;0
11/04/2024 05:24;0
11/04/2024 05:25;0
11/04/2024 05:26;0
11/04/2024 05:27;0
11/04/2024 05:28;0
11/04/2024 05:29;0
11/04/2024 05:30;0
11/04/2024 05:31;0
11/04/2024 05:32;0
11/04/2024 05:33;0
11/04/2024 05:34;0
11/04/2024 05:35;0
11/04/2024 05:36;0
11/04/2024 05:37;0
11/04/2024 05:38;0
11/04/2024 05:39;0
11/04/2024 05:40;0
11/04/2024 05:41;0
11/04/2024 05:42;0
11/04/2024 05:43;0
11/04/2024 05:44;0
11/04/2024 05:45;0
11/04/2024 05:46;0
11/04/2024 05:47;0
11/04/2024 05:48;0
11/04/2024 05:49;0
11/04/2024 05:50;0
11/04/2024 05:51;0
11/04/2024 05:52;0
11/04/2024 05:53;0
11/04/2024 05:54;0
11/04/2024 05:55;0
11/04/2024 05:56;0
11/04/2024 05:57;0
11/04/2024 05:58;0
11/04/2024 05:59;0
11/04/2024 06:00;0
11/04/2024 06:01;0
11/04/2024 06:02;0
11/04/2024 06:03;0
11/04/2024 06:04;0
11/04/2024 06:05;0
11/04/2024 06:06;0
11/04/2024 06:07;0
11/04/2024 06:08;0
11/04/2024 06:09;0
11/04/2024 06:10;0
11/04/2024 06:11;0
11/04/2024 06:12;0
11/04/2024 06:13;0
11/04/2024 06:14;0
11/04/2024 06:15;0
11/04/2024 06:16;0
11/04/2024 06:17;0
11/04/2024 06:18;0
11/04/2024 06:19;0
11/04/2024 06:20;0
11/04/2024 06:21;0
11/04/2024 06:22;0
11/04/2024 06:23;0
11/04/2024 06:24;0
11/04/2024 06:25;0
11/04/2024 06:26;0
11/04/2024 06:27;0
11/04/2024 06:28;0
11/04/2024 06:29;0
11/04/2024 06:30;0
11/04/2024 06:31;0
11/04/2024 06:32;0
11/04/2024 06:33;0
11/04/2024 06:34;0
11/04/2024 06:35;0
11/04/2024 06:36;0
11/04/2024 06:37;0
11/04/2024 06:38;0
11/04/2024 06:39;0
11/04/2024 06:40;0
11/04/2024 06:41;0
11/04/2024 06:42;0
11/04/2024 06:43;0
11/04/2024 06:44;0
11/04/2024 06:45;0
11/04/2024 06:46;0
11/04/2024 06:47;0
11/04/2024 06:48;0
11/04/2024 06:49;0
11/04/2024 06:50;0
11/04/2024 06:51;0
11/04/2024 06:52;0
11/04/2024 06:53;0
11/04/2024 06:54;0
11/04/2024 06:55;0
11/04/2024 06:56;0
11/04/2024 06:57;0
11/04/2024 06:58;0
11/04/2024 06:59;0
11/04/2024 07:00;0
11/04/2024 07:01;0
11/04/2024 07:02;0
11/04/2024 07:03;0
11/04/2024 07:04;0
11/04/2024 07:05;0
11/04/2024 07:06;0
11/04/2024 07:07;0
11/04/2024 07:08;0
11/04/2024 07:09;0
11/04/2024 07:10;0
11/04/2024 07:11;0
11/04/2024 07:12;0
11/04/2024 07:13;0
11/04/2024 07:14;0
11/04/2024 07:15;0
11/04/2024 07:16;0
11/04/2024 07:17;0
11/04/2024 07:18;0
11/04/2024 07:19;0
11/04/2024 07:20;0
11/04/2024 07:21;0
11/04/2024 07:22;0
11/04/2024 07:23;0
11/04/2024 07:24;0
11/04/2024 07:25;0
11/04/2024 07:26;0
11/04/2024 07:27;0
11/04/2024 07:28;0
11/04/2024 07:29;0
11/04/2024 07:30;0
11/04/2024 07:31;0
11/04/2024 07:32;0
11/04/2024 07:33;0
11/04/2024 07:34;0
11/04/2024 07:35;0
11/04/2024 07:36;0
11/04/2024 07:37;0
11/04/2024 07:38;0
11/04/2024 07:39;0
11/04/2024 07:40;0
11/04/2024 07:41;0
11/04/2024 07:42;0
11/04/2024 07:43;0
11/04/2024 07:44;0
11/04/2024 07:45;0
11/04/2024 07:46;0
11/04/2024 07:47;0
11/04/2024 07:48;0
11/04/2024 07:49;0
11/04/2024 07:50;0
11/04/2024 07:51;0
11/04/2024 07:52;0
11/04/2024 07:53;0
11/04/2024 07:54;0
11/04/2024 07:55;99999994
11/04/2024 07:56;3499999762
11/04/2024 07:57;5
11/04/2024 07:58;75
11/04/2024 07:59;10
11/04/2024 08:00;1249999905
11/04/2024 08:01;1399999905
11/04/2024 08:02;165
11/04/2024 08:03;195
11/04/2024 08:04;23
11/04/2024 08:05;2599999809
11/04/2024 08:06;295
11/04/2024 08:07;33
11/04/2024 08:08;35
11/04/2024 08:09;37
11/04/2024 08:10;4099999619
11/04/2024 08:11;4499999619
11/04/2024 08:12;4849999619
11/04/2024 08:13;515
11/04/2024 08:14;565
11/04/2024 08:15;59
11/04/2024 08:16;625
11/04/2024 08:17;665
11/04/2024 08:18;7149999237
11/04/2024 08:19;77
11/04/2024 08:20;81
11/04/2024 08:21;87
11/04/2024 08:22;925
11/04/2024 08:23;99
11/04/2024 08:24;1025
11/04/2024 08:25;105
11/04/2024 08:26;1055
11/04/2024 08:27;1079999924
11/04/2024 08:28;109
11/04/2024 08:29;110
11/04/2024 08:30;1119999924
11/04/2024 08:31;1144999924
11/04/2024 08:32;118
11/04/2024 08:33;121
11/04/2024 08:34;1245
11/04/2024 08:35;1285
11/04/2024 08:36;132
11/04/2024 08:37;1349999847
11/04/2024 08:38;137
11/04/2024 08:39;140
11/04/2024 08:40;144
11/04/2024 08:41;1499999847
11/04/2024 08:42;1595
11/04/2024 08:43;1655
11/04/2024 08:44;1709999847
11/04/2024 08:45;177
11/04/2024 08:46;1845
11/04/2024 08:47;191
11/04/2024 08:48;1974999847
11/04/2024 08:49;2054999847
11/04/2024 08:50;212
11/04/2024 08:51;2229999847
11/04/2024 08:52;2299999847
11/04/2024 08:53;2369999847
11/04/2024 08:54;2465
11/04/2024 08:55;258
11/04/2024 08:56;271
11/04/2024 08:57;2769999695
11/04/2024 08:58;2875
11/04/2024 08:59;3065
11/04/2024 09:00;3145
11/04/2024 09:01;2075
11/04/2024 09:02;3229999695
11/04/2024 09:03;3195
11/04/2024 09:04;3105
11/04/2024 09:05;303
11/04/2024 09:06;2954999695
11/04/2024 09:07;2935
11/04/2024 09:08;2909999695
11/04/2024 09:09;2915
11/04/2024 09:10;2954999695
11/04/2024 09:11;304
11/04/2024 09:12;3205
11/04/2024 09:13;3295
11/04/2024 09:14;645
11/04/2024 09:15;3365
11/04/2024 09:16;339
11/04/2024 09:17;3425
11/04/2024 09:18;336
11/04/2024 09:19;340
11/04/2024 09:20;339
11/04/2024 09:21;3349999695
11/04/2024 09:22;336
11/04/2024 09:23;340
11/04/2024 09:24;3464999695
11/04/2024 09:25;3554999695
11/04/2024 09:26;3635
11/04/2024 09:27;3725
11/04/2024 09:28;376
11/04/2024 09:29;3795
11/04/2024 09:30;3834999695
11/04/2024 09:31;3929999695
11/04/2024 09:32;4105
11/04/2024 09:33;435
11/04/2024 09:34;459
11/04/2024 09:35;4784999695
11/04/2024 09:36;4865
11/04/2024 09:37;477
11/04/2024 09:38;457
11/04/2024 09:39;4385
11/04/2024 09:40;440
11/04/2024 09:41;4619999695
11/04/2024 09:42;5275
11/04/2024 09:43;4759999695
11/04/2024 09:44;5965
11/04/2024 09:45;669999939
11/04/2024 09:46;752
11/04/2024 09:47;1147
11/04/2024 09:48;1214
11/04/2024 09:49;1242
11/04/2024 09:50;1013999939
11/04/2024 09:51;866499939
11/04/2024 09:52;13015
11/04/2024 09:53;11115
11/04/2024 09:54;13385
11/04/2024 09:55;13445
11/04/2024 09:56;1349
11/04/2024 09:57;1360
11/04/2024 09:58;1336
11/04/2024 09:59;1576
11/04/2024 10:00;1584999878
11/04/2024 10:01;1517
11/04/2024 10:02;1528
